nombre,precio,stock,colores,descripcion,detalles,productos_relacionados,imagenes,link
GameSir 3M USB Cable for G7/G7SE/T4 Kaleid,Precio regular $12.99 USD,Disponible,,"Key Features: Compatible with GameSir G7, GameSir G7 SE, GameSir G7 Pro, GameSir T4k, GameSir K1. USB-A to USB-C connector. Plug and play. Sleek and attractive nylon braided exterior. Extra-long 3-meter design eliminates cable length concerns. Rigorously tested for harsh conditions, including plugging, suspension, and shaking.","Brand: GameSir Product Name: GameSir Nylon Braided Cable Colowar: Light Cyan, Red Compatible Models: GameSir G7, GameSir G7 SE, GameSir G7 Pro, GameSir T4k, GameSir K1 Length: 3m / 10FT Net Weight: 73.7g / 0.16lbs","GameSir 3M USB Cable for G7/G7SE/T4 Kaleid | Xbox Controllers | Mobile Controllers | Switch Controllers | PC Controllers | Compatible with GameSir G7, GameSir G7 SE, GameSir G7 Pro, GameSir T4k, GameSir K1. | Brand: GameSir | Product Name: GameSir Nylon Braided Cable | Compatible Models: GameSir G7, GameSir G7 SE, GameSir G7 Pro, GameSir T4k, GameSir K1 | GameSir 3M USB Cable for G7... | Join GameSir Discord and seek quick answers from skillful players. | About GameSir | GameSir | GameSir App",https://gamesir.com/cdn/shop/t/64/assets/transparent.png?v=74725729134931200321767515786 | https://gamesir.com/cdn/shop/files/logo_1bbc21e8-a4b0-42a4-b29f-a48959045877.png?v=1737874858&width=600 | https://gamesir.com/cdn/shop/files/1_4d1f2b9c-6312-4a57-bfae-00984aa78b4e.png?v=1740996035&width=1206 | https://gamesir.com/cdn/shop/files/1_4d1f2b9c-6312-4a57-bfae-00984aa78b4e.png?v=1740996035&width=200 | https://gamesir.com/cdn/shop/files/1_4131576f-576c-4622-ab8b-fdb9b3f118d5.png?v=1737615272 | https://gamesir.com/cdn/shop/files/2_484a2562-a580-425c-90e3-23246abcb40e.png?v=1737615278 | https://gamesir.com/cdn/shop/files/3_2ca3083c-1e1c-40b7-988d-962f7ec8f493.png?v=1737615278 | https://gamesir.com/cdn/shop/files/4_50b462d7-8f5b-4257-89ed-4187fc38516f.png?v=1737615278 | https://gamesir.com/cdn/shop/files/5_e0d639d3-ae25-474a-8f4d-f3efb46299b6.png?v=1737615274 | https://gamesir.com/cdn/shop/files/626b9b6886075081b16840ac10c50041.png?v=1736850234&width=760,https://gamesir.com/es/products/gamesir-3m-usb-cable
GameSir Thumb Grip Caps,Precio regular $12.99 USD,Disponible,,"Key Features Easy Installation: Effortless setup with bare-hand operation. Simply lift the thumb grip and slide it onto the stick - no tools required. Four Versions: Four different versions cater to personalized gaming preferences of gamers. *Convex Version: Minimizes contact area, perfect for flight simulation gaming (similar to Hotas). *Elevated Version: Increases height, lowers the force required for sticks movement, while improving travel; suitable for fine-tuned operations. *Anti-slip Version: The expanded form is friendly to gamers with varying hand shapes, offering unparalleled comfort, reducing fatigue, and ensuring precise control. *Mushroom Head Version: Maximizes contact area, allowing for effortless stick rotation in all directions with minimal finger pressure. Abrasion resistance: Crafted from high-performance, environmentally friendly silicone material for an extended lifespan, ensuring gamers can immerse themselves in the game without concerns about controller wear. Anti-slip material: The advanced laser engraving process not only adds an aesthetic touch but also provides superior anti-slip functionality to the thumb grip, ensuring a secure hold and providing fine-tuned precision during intense gaming sessions. Universal Compatibility: Compatible with the entire GameSir controllers (except X2/X3), XBox One/XBox Series controllers, PS4/PS5 controllers, Switch Pro, etc","Compatible Model: The entire GameSir controllers (except X2/X3), XBox One/XBox Series controllers, PS4/PS5 controllers, Switch Pro, etc. Material: Silicon Package Size: 61*37*10mm Gross Weight: 46g","GameSir Thumb Grip Caps | Xbox Controllers | Mobile Controllers | Switch Controllers | PC Controllers | Universal Compatibility: Compatible with the entire GameSir controllers (except X2/X3), XBox One/XBox Series controllers, PS4/PS5 controllers, Switch Pro, etc | The entire GameSir controllers (except X2/X3), XBox One/XBox Series controllers, PS4/PS5 controllers, Switch Pro, etc. | Join GameSir Discord and seek quick answers from skillful players. | About GameSir | GameSir | GameSir App",https://gamesir.com/cdn/shop/t/64/assets/transparent.png?v=74725729134931200321767515786 | https://gamesir.com/cdn/shop/files/logo_1bbc21e8-a4b0-42a4-b29f-a48959045877.png?v=1737874858&width=600 | https://gamesir.com/cdn/shop/files/4_483f8081-cd7a-4830-89cf-164c8ee855d1.png?v=1740996078&width=1206 | https://gamesir.com/cdn/shop/files/4_483f8081-cd7a-4830-89cf-164c8ee855d1.png?v=1740996078&width=200 | https://gamesir.com/cdn/shop/files/1_620490e5-c434-42e1-a126-e146c93dd28e.png?v=1737615286 | https://gamesir.com/cdn/shop/files/2_d8e8e979-6754-4bf4-b956-d7cff1e4e5dd.png?v=1737615286 | https://gamesir.com/cdn/shop/files/3_8a24211a-877d-4c41-a19c-f78f9a25feab.png?v=1737615288 | https://gamesir.com/cdn/shop/files/4_403459f6-0bb9-43a6-b023-d90cb6fde7bc.png?v=1737615289 | https://gamesir.com/cdn/shop/files/5_5dce6864-62d9-43f9-b89a-86a97ca0bcd3.png?v=1737615287 | https://gamesir.com/cdn/shop/files/626b9b6886075081b16840ac10c50041.png?v=1736850234&width=760,https://gamesir.com/es/products/gamesir-joystick-caps
GameSir Anti-Friction Rings for G8/G7/G7SE,Precio regular $12.99 USD,Disponible,"Red, Tangerine, Yellow, Green, Aqua, Blue, Black and White","Key Features: Versatile: Suitable for GameSir-G7，GameSir-G7 SE，GameSir-G8, etc. It is especially a perfect fit for controllers with swappable faceplate, such as the GameSir G7 series and GameSir G8 Galileo. Material: The anti-friction rings are made of self-lubricating engineering plastic, ensuring smoothness and anti-friction features. Colorway: There are 8 color options for you to choose from, each including 2 rings. Personalize your gaming experience freely.","Compatible Models: GameSir-G7, GameSir-G7 SE, GameSir-G8, etc. Color: Red, Tangerine, Yellow, Green, Aqua, Blue, Black and White Material: Self-lubricating engineering plastic Package Size: 104*140*12mm / 4.09*5.51*0.47in Gross Weight: 29.7g / 0.07lbs","GameSir Anti-Friction Rings for G8/G7/G7SE | Xbox Controllers | Mobile Controllers | Switch Controllers | PC Controllers | Versatile: Suitable for GameSir-G7，GameSir-G7 SE，GameSir-G8, etc. It is especially a perfect fit for controllers with swappable faceplate, such as the GameSir G7 series and GameSir G8 Galileo. | Compatible Models: GameSir-G7, GameSir-G7 SE, GameSir-G8, etc. | GameSir Anti-Friction Rings... | Join GameSir Discord and seek quick answers from skillful players. | About GameSir | GameSir | GameSir App",https://gamesir.com/cdn/shop/t/64/assets/transparent.png?v=74725729134931200321767515786 | https://gamesir.com/cdn/shop/files/logo_1bbc21e8-a4b0-42a4-b29f-a48959045877.png?v=1737874858&width=600 | https://gamesir.com/cdn/shop/files/005a061c309d2ce04f5cd48938fbc666.png?v=1740996035&width=1206 | https://gamesir.com/cdn/shop/files/005a061c309d2ce04f5cd48938fbc666.png?v=1740996035&width=200 | https://gamesir.com/cdn/shop/files/1_d6e8d727-899f-43d1-8f22-604a8a171dfe.png?v=1737615296 | https://gamesir.com/cdn/shop/files/2_80d4a7ca-a8fc-41ac-a654-48e69f7379c8.png?v=1737615297 | https://gamesir.com/cdn/shop/files/3_6fa831c4-5547-459c-913b-efce49839be6.png?v=1737615297 | https://gamesir.com/cdn/shop/files/4_69ad6670-3467-48b7-bd7e-184ce4b0f725.png?v=1737615297 | https://gamesir.com/cdn/shop/files/5_fa4a4ae0-999f-42b9-9e3f-521c91b14eb6.png?v=1737615882 | https://gamesir.com/cdn/shop/files/5_f6d6a252-248f-40e4-8da9-d517d084fa5b.png?v=1737615296 | https://gamesir.com/cdn/shop/files/626b9b6886075081b16840ac10c50041.png?v=1736850234&width=760,https://gamesir.com/es/products/controller-anti-friction-rings
GameSir Magnetic Faceplate for Super Nova,Precio regular $9.99 USD,Disponible,Vibrant Orange/Light Green/Sky Blue/Dark Gray/Dark Magenta/Coffee Brown/Elite White/Lunar Black/Mystic Green,Key Features: Perfectly Compatible with Super NovaGradient Spray Craftsmanship Magnetic Design for Easy Swapping ABXY Silent Rebound Pads,Compatible Controller: Super Nova Color: Vibrant Orange/Light Green/Sky Blue/Dark Gray/Dark Magenta/Coffee Brown/Elite White/Lunar Black/Mystic Green Product Size: 126*73*16mm / 4.96*2.87*0.63in Net Weight: 6.9g / 0.015lbs Package Size: 132*76*18mm / 5.20*2.99*0.71in Gross Weight: 32g / 0.071lbs,"Gamesir Magnetic Faceplate for Super Nova-Interchangeable Faceplate
 – GameSir | Xbox Controllers | Mobile Controllers | Switch Controllers | PC Controllers | GameSir Magnetic Faceplate for Super Nova | Compatible Controller: Super Nova | GameSir Magnetic Faceplate ... | Join GameSir Discord and seek quick answers from skillful players. | About GameSir | GameSir | GameSir App",https://gamesir.com/cdn/shop/t/64/assets/transparent.png?v=74725729134931200321767515786 | https://gamesir.com/cdn/shop/files/logo_1bbc21e8-a4b0-42a4-b29f-a48959045877.png?v=1737874858&width=600 | https://gamesir.com/cdn/shop/files/20250213162826_4e639aed-7309-408b-b73c-4f6aa132a496.png?v=1741246892&width=1206 | https://gamesir.com/cdn/shop/files/20250213162826_4e639aed-7309-408b-b73c-4f6aa132a496.png?v=1741246892&width=200 | https://gamesir.com/cdn/shop/files/1920-1.png?v=1740152920 | https://gamesir.com/cdn/shop/files/750-1_9a2a5af0-b909-4377-9a91-c1897f3a505c.png?v=1740152944 | https://gamesir.com/cdn/shop/files/1920-2.png?v=1740153011 | https://gamesir.com/cdn/shop/files/750-2_f67bb3e0-39fe-4dda-af57-f470bfa1ef93.png?v=1740153000 | https://gamesir.com/cdn/shop/files/1920-3.png?v=1740153002 | https://gamesir.com/cdn/shop/files/750-3_86586a70-6cde-47eb-ab1b-eb3f470402df.png?v=1740152974 | https://gamesir.com/cdn/shop/files/1920-4.png?v=1740152995 | https://gamesir.com/cdn/shop/files/750-4_cb21c63b-f62f-4ca0-bbd5-2400b90dacc3.png?v=1740152990 | https://gamesir.com/cdn/shop/files/626b9b6886075081b16840ac10c50041.png?v=1736850234&width=760,https://gamesir.com/es/products/gamesir-magnetic-faceplate-for-super-nova
GameSir Tarantula 8K PC Wired Esports Controller for PC,Precio regular $69.99 USD,Disponible,,"Key Features: Gen-2 GameSir Mag-Res™ TMR Sticks for Smoother Control Designed for pro-level performance, the Gen-2 TMR sticks still use magnetic technology to eliminate physical contact, delivering long-lasting anti-stick drift reliability. At the same time, they offer smoother, more linear control and ultra-low power consumption, providing precise and responsive gameplay for competitive gamers. Hall Effect Analog Triggers with Clicky Micro Switch Trigger Stops The Tarantula 8K PC features dual-mode trigger stops, letting you switch effortlessly between Hall Effect analog triggers and Micro switch triggers. Precision-tuned Hall Effect analog triggers deliver smooth, linear input for accurate control, while clicky Micro switch triggers provide instant response. Whether you need precise linear control or ultimate responsiveness, it gives you the competitive edge. 8000Hz Ultra-Fast Response and 0.5ms Ultra-Low Latency Connection With an 8000Hz polling rate over wired connection, the Tarantula 8K PC delivers smoother control and instant response, ensuring every input is registered with esports-grade precision. Six-Axis Gyroscope Built-in 6-axis gyroscope enhances aiming accuracy and fine control, offering greater flexibility for competitive and immersive gameplay. Nine Remappable Macro Buttons Including two lockable back buttons, two mini bumpers and five extra front buttons, each supports up to 32-step macro recording, giving gamers advanced customization and faster in-game execution. Micro Switch ABXY Buttons Experience esports-grade responsiveness with Micro switch ABXY buttons, offering instant actuation and long-lasting durability. Dynamic RGB Lighting Dynamic RGB Lighting offers vibrant, customizable color effects with smooth transitions and various modes to enhance mood and gaming immersion. Esports-Grade Customization via GameSir Connect Software Fully customize performance, button mapping, macros, and more through GameSir Connect software, designed for competitive-level control and personalization. 180g Lightweight Design At only 180g, it is super light. We removed the heavy motors and battery to reduce hand stress. No matter how long you play, your hands won't get tired, helping you stay fast.","Working Platform: PC Connection: Wired, includes a 2m detachable USB-C cable in the box Sticks: Gen-2 GameSir Mag-Res™ TMR sticks Triggers: Hall Effect analog triggers with Micro Switch trigger stops ABXY Buttons: Micro Switch D-pad: Tactile Switch Remappable Buttons: 9 in total, each supports up to 32 steps of macro recording Turbo: Supports up to 8 buttons, adjustable in three levels: 10Hz / 20Hz / 30Hz Back Button Latches: Yes Polling Rate: Up to 8000Hz Motion Control: Yes, built-in 6-axis gyroscope. 3.5mm Audio Jack: Yes RGB Lighting: Yes Rumble Motors: No Battery: No Grips: Laser-engraved textured grips Supported Software: GameSir Connect Product Size: 158*100*61mm/6.22*3.93*2.40in Net Weight: 180g/0.40lbs","GameSir Tarantula 8K PC Wired Esports Controller for PC - High Performance | Xbox Controllers | Mobile Controllers | Switch Controllers | PC Controllers | GameSir Tarantula 8K PC Wired Esports Controller for PC | Gen-2 GameSir Mag-Res™ TMR Sticks for Smoother Control | Esports-Grade Customization via GameSir Connect Software | Fully customize performance, button mapping, macros, and more through GameSir Connect software, designed for competitive-level control and personalization. | Sticks: Gen-2 GameSir Mag-Res™ TMR sticks | Supported Software: GameSir Connect | GameSir Tarantula 8K PC Wir... | Join GameSir Discord and seek quick answers from skillful players. | About GameSir | GameSir | GameSir App",https://gamesir.com/cdn/shop/t/64/assets/transparent.png?v=74725729134931200321767515786 | https://gamesir.com/cdn/shop/files/logo_1bbc21e8-a4b0-42a4-b29f-a48959045877.png?v=1737874858&width=600 | https://gamesir.com/cdn/shop/files/ce-wired.png?v=1777365969&width=1206 | https://gamesir.com/cdn/shop/files/ce-wired.png?v=1777365969&width=200 | https://gamesir.com/cdn/shop/files/img_v3_0210p_d6e1df5d-7657-49c3-868b-0f31b353246g.png?v=1776256287 | https://gamesir.com/cdn/shop/files/img_v3_0210p_8873f373-42ef-4d75-a041-bbea7fd9b79g.png?v=1776256299 | https://gamesir.com/cdn/shop/files/2_c2c17d0b-458b-4847-99d7-b5ca768cac3f.png?v=1776225410 | https://gamesir.com/cdn/shop/files/2_9c35d754-6ee2-4edd-ba72-abb7abd3be04.png?v=1776225733 | https://gamesir.com/cdn/shop/files/3_ae64fd6f-ba8d-4a61-bd3c-4bca716dc6d0.png?v=1776225404 | https://gamesir.com/cdn/shop/files/3_b84c3fab-2aef-4dc0-8f0b-dab55b7d822c.png?v=1776225722 | https://gamesir.com/cdn/shop/files/4_eba5d954-9c47-45c3-9bd4-e144cf400409.png?v=1776225406 | https://gamesir.com/cdn/shop/files/20260416-101438.png?v=1776305915 | https://gamesir.com/cdn/shop/files/20260416-142814.png?v=1776321043 | https://gamesir.com/cdn/shop/files/20260416-142807.png?v=1776321046 | https://gamesir.com/cdn/shop/files/7_3286eeac-6615-4065-835f-fe1cb99594b9.png?v=1776225399 | https://gamesir.com/cdn/shop/files/5_cce273c9-99b3-45cd-9597-d114f38912f8.png?v=1776225404 | https://gamesir.com/cdn/shop/files/5_9c79cbab-a826-43ee-9989-87bbfbdba509.png?v=1776225728 | https://gamesir.com/cdn/shop/files/9_fad769c0-1ac7-464a-b3d0-f2cb2f6483c8.png?v=1776225407 | https://gamesir.com/cdn/shop/files/20260427-143801.png?v=1777272279 | https://gamesir.com/cdn/shop/files/20260427-152944.png?v=1777283871 | https://gamesir.com/cdn/shop/files/11_4ce75a0d-aec8-4dd3-a934-91155942b974.png?v=1776225408 | https://gamesir.com/cdn/shop/files/10_28b74e2d-d012-481f-8330-3c212e648a3d.png?v=1776225722 | https://gamesir.com/cdn/shop/files/626b9b6886075081b16840ac10c50041.png?v=1736850234&width=760,https://gamesir.com/es/collections/all-products-1/products/gamesir-tarantula-8k-pc
GameSir Tarantula 8K PC - MenaRD Edition Wired Esports Controller for PC,Precio regular $69.99 USD,Disponible,,"Key Features: Gen-2 GameSir Mag-Res™ TMR Sticks for Smoother Control Designed for pro-level performance, the Gen-2 TMR sticks still use magnetic technology to eliminate physical contact, delivering long-lasting anti-stick drift reliability. At the same time, they offer smoother, more linear control and ultra-low power consumption, providing precise and responsive gameplay for competitive gamers. Hall Effect Analog Triggers with Clicky Micro Switch Trigger Stops The Tarantula 8K PC features dual-mode trigger stops, letting you switch effortlessly between Hall Effect analog triggers and Micro switch triggers. Precision-tuned Hall Effect analog triggers deliver smooth, linear input for accurate control, while clicky Micro switch triggers provide instant response. Whether you need precise linear control or ultimate responsiveness, it gives you the competitive edge. 8000Hz Ultra-Fast Response and 0.5ms Ultra-Low Latency Connection With an 8000Hz polling rate over wired connection, the Tarantula 8K PC delivers smoother control and instant response, ensuring every input is registered with esports-grade precision. Six-Axis Gyroscope Built-in 6-axis gyroscope enhances aiming accuracy and fine control, offering greater flexibility for competitive and immersive gameplay. Nine Remappable Macro Buttons Including two lockable back buttons, two mini bumpers and five extra front buttons, each supports up to 32-step macro recording, giving gamers advanced customization and faster in-game execution. Micro Switch ABXY Buttons Experience esports-grade responsiveness with Micro switch ABXY buttons, offering instant actuation and long-lasting durability. Dynamic RGB Lighting Dynamic RGB Lighting offers vibrant, customizable color effects with smooth transitions and various modes to enhance mood and gaming immersion. Esports-Grade Customization via GameSir Connect Software Fully customize performance, button mapping, macros, and more through GameSir Connect software, designed for competitive-level control and personalization. 180g Lightweight Design At only 180g, it is super light. We removed the heavy motors and battery to reduce hand stress. No matter how long you play, your hands won't get tired, helping you stay fast.","Working Platform: PC Connection: Wired, includes a 2m detachable USB-C cable in the box Sticks: Gen-2 GameSir Mag-Res™ TMR sticks Triggers: Hall Effect analog triggers with Micro Switch trigger stops ABXY Buttons: Micro Switch D-pad: Tactile Switch Remappable Buttons: 9 in total, each supports up to 32 steps of macro recording Turbo: Supports up to 8 buttons, adjustable in three levels: 10Hz / 20Hz / 30Hz Back Button Latches: Yes Polling Rate: Up to 8000Hz Motion Control: Yes, built-in 6-axis gyroscope. 3.5mm Audio Jack: Yes RGB Lighting: Yes Rumble Motors: No Battery: No Grips: Laser-engraved textured grips Supported Software: GameSir Connect Product Size: 158*100*61mm/6.22*3.93*2.40in Net Weight: 180g/0.40lbs Package Size: 200*140*96mm/7.87*5.51*3.78in Gross Weight: 280g/0.68lbs Carton Size(20pcs/carton): 500*425*315mm/19.69*16.73*12.40in Carton Weight(20pcs/carton): 9.80kg/21.6lbs","Tarantula 8K PC - MenaRD Edition Wired Esports Controller for PC
 – GameSir | Xbox Controllers | Mobile Controllers | Switch Controllers | PC Controllers | GameSir Tarantula 8K PC - MenaRD Edition Wired Esports Controller for PC | Gen-2 GameSir Mag-Res™ TMR Sticks for Smoother Control | Esports-Grade Customization via GameSir Connect Software | Fully customize performance, button mapping, macros, and more through GameSir Connect software, designed for competitive-level control and personalization. | Sticks: Gen-2 GameSir Mag-Res™ TMR sticks | Supported Software: GameSir Connect | GameSir Tarantula 8K PC - M... | Join GameSir Discord and seek quick answers from skillful players. | About GameSir | GameSir | GameSir App",https://gamesir.com/cdn/shop/t/64/assets/transparent.png?v=74725729134931200321767515786 | https://gamesir.com/cdn/shop/files/logo_1bbc21e8-a4b0-42a4-b29f-a48959045877.png?v=1737874858&width=600 | https://gamesir.com/cdn/shop/files/20260427-175819_e0200c9a-3ba4-4ff2-9ee8-aa1e27b535de.png?v=1777284007&width=1206 | https://gamesir.com/cdn/shop/files/20260427-175819_e0200c9a-3ba4-4ff2-9ee8-aa1e27b535de.png?v=1777284007&width=200 | https://gamesir.com/cdn/shop/files/1_9743149d-7a91-44e4-a25d-6a6e3fe886c1.png?v=1777262222 | https://gamesir.com/cdn/shop/files/1_469fbf29-6d65-44d7-bbac-869f0fb8469a.png?v=1777262262 | https://gamesir.com/cdn/shop/files/2_07f41b79-f058-448e-850f-54dde0e53cae.png?v=1777262284 | https://gamesir.com/cdn/shop/files/2_2eb23384-d6e4-4f75-93f6-063c8ac34795.png?v=1777262297 | https://gamesir.com/cdn/shop/files/3_5f3d947f-66a9-4b41-bbdd-356005a15a1b.png?v=1777262323 | https://gamesir.com/cdn/shop/files/3_cb021d84-4a21-47c2-942a-3426bb0fbf87.png?v=1777262337 | https://gamesir.com/cdn/shop/files/4_9c8bd259-3784-4e49-b53e-c6bd36a03ac7.png?v=1777262353 | https://gamesir.com/cdn/shop/files/4_6041ebf6-9919-468a-b16b-21756b4099a6.png?v=1777262366 | https://gamesir.com/cdn/shop/files/5_a5e0d162-e1bc-464c-8e7c-7a86726b828a.png?v=1777262381 | https://gamesir.com/cdn/shop/files/5_cc38e007-0993-4c8b-b3ee-ce7e95f6154f.png?v=1777262409 | https://gamesir.com/cdn/shop/files/6_75dfe678-0a06-4a34-9646-9a39ecf4e7b4.png?v=1777262424 | https://gamesir.com/cdn/shop/files/6_497221c3-8007-48b2-8fe4-49f90d068229.png?v=1777262444 | https://gamesir.com/cdn/shop/files/7_871332d0-019a-486d-b1ea-9545a8520b27.png?v=1777262462 | https://gamesir.com/cdn/shop/files/7_bb13c7f3-db7d-40f4-a4b3-b67e2fd97b53.png?v=1777262481 | https://gamesir.com/cdn/shop/files/7-1_4aad2010-56a5-4f14-868e-26ed1983c399.png?v=1777262504 | https://gamesir.com/cdn/shop/files/8_dd4ca7e0-cd6c-41b9-97c0-f2c100b15150.png?v=1777262519 | https://gamesir.com/cdn/shop/files/8_0d73310a-77ae-41a1-909e-a287f66e38a4.png?v=1777262523 | https://gamesir.com/cdn/shop/files/20260427-143752.png?v=1777272033 | https://gamesir.com/cdn/shop/files/20260427-152939.png?v=1777282272 | https://gamesir.com/cdn/shop/files/11_afb87ea7-799c-498f-8b1f-3e61230ec16a.png?v=1777262580 | https://gamesir.com/cdn/shop/files/626b9b6886075081b16840ac10c50041.png?v=1736850234&width=760,https://gamesir.com/es/collections/all-products-1/products/tarantula-8k-pc-menard-edition
GameSir Tarantula Pro Wired Esports Controller for Xbox & PC,Precio regular $69.99 USD,Disponible,,"Key Features: Wired Symmetric Esports Controller Designed for Xbox Works with Xbox Series X|S, Xbox One, Windows 10/11, and Steam, the Tarantula Pro for Xbox delivers an ultra-smooth, low-latency gaming experience. Featuring up to a 1000Hz polling rate on PC, the controller delivers esports-grade responsiveness. The Anti-Stick Drift Solution: GameSir Mag-Res™ TMR Sticks The Tarantula Pro for Xbox is equipped with the latest GameSir Mag-Res™ TMR sticks, blending the precise performance and low power consumption of standard sticks with the exceptional durability of Hall Effect sticks. This innovative technology ensures a higher and more stable polling rate, offering gamers a smoother, instantaneous, and anti-drift gaming experience like never before. Dual-Mode Trigger Stops: Hall Effect Analog/Micro Switch The Tarantula Pro for Xbox features dual-mode trigger stops, letting you switch effortlessly between Hall Effect analog triggers and micro switch triggers. Precision-tuned Hall Effect analog triggers deliver smooth, linear input for accurate control, while clicky micro switch triggers provide instant response. Whether you need precise linear control or ultimate responsiveness, it gives you the competitive edge. Nine Remappable Programmable Buttons Nine remappable programmable buttons easily customize button functions to fit your gaming habits, making controls more intuitive and your gameplay more comfortable and personalized. Realistic and Subtle Vibration The Tarantula Pro for Xbox features a total of four rumble motors, with one in each grip and trigger, providing immersive and realistic vibration feedback. Additionally, the two asymmetric actuators in the grips enhance the realism of the vibrations, ensuring that every small crash or shot is felt in your hands as if it were happening on the spot. Motion Control on PC Built-in 6-axis gyroscope enables motion control and gyro remapping on PC, with customizable settings via GameSir Nexus software. Micro Switch ABXY Buttons Micro Switch ABXY buttons are designed for effortless pressing, offering consistent responsiveness and reliable durability to keep your gaming comfortable and enjoyable at all times. Dynamic RGB Lighting Dynamic RGB Lighting offers vibrant, customizable color effects with smooth transitions and various modes to enhance mood and gaming immersion. Software Customization via GameSir Nexus Customize your Tarantula Pro for Xbox with the GameSir Nexus software on both Xbox and PC: remap buttons, adjust stick and trigger ranges, set vibration levels, and save personalized profiles for every game.","Working Platform: Xbox Series X|S, Xbox One, Windows 10/11 and Steam Connection: Wired, includes a 3m detachable USB-C cable in the box Sticks: GameSir Mag-Res™ TMR sticks Triggers: Hall Effect analog triggers with Micro Switch trigger stops ABXY Buttons: Micro Switch D-pad: Tactile Switch Rumble Motors: 4, in each grip and trigger Remappable Buttons: 9 in total Back Button Latches: Yes Polling Rate: Up to 1000Hz on PC and 250Hz on Xbox console Motion Control: Yes, built-in 6-axis gyroscope. Only on PC. 3.5mm Audio Jack: Yes Battery: No RGB Lighting: Yes Grips: Laser-engraved textured grips Supported Software: GameSir Nexus Product Size: 158*100*61mm/6.22*3.94*2.40in Net Weight: 235g/0.52lbs","GameSir Tarantula Pro Wired Esports Controller for Xbox & PC | Xbox Controllers | Mobile Controllers | Switch Controllers | PC Controllers | Wired Symmetric Esports Controller Designed for Xbox | The Anti-Stick Drift Solution: GameSir Mag-Res™ TMR Sticks | The Tarantula Pro for Xbox is equipped with the latest GameSir Mag-Res™ TMR sticks, blending the precise performance and low power consumption of standard sticks with the exceptional durability of Hall Effect sticks. This innovative technology ensures a higher and more stable polling rate, offering gamers a smoother, instantaneous, and anti-drift gaming experience like never before. | Built-in 6-axis gyroscope enables motion control and gyro remapping on PC, with customizable settings via GameSir Nexus software. | Software Customization via GameSir Nexus | Customize your Tarantula Pro for Xbox with the GameSir Nexus software on both Xbox and PC: remap buttons, adjust stick and trigger ranges, set vibration levels, and save personalized profiles for every game. | Sticks: GameSir Mag-Res™ TMR sticks | Supported Software: GameSir Nexus | GameSir Tarantula Pro Wired... | Join GameSir Discord and seek quick answers from skillful players. | About GameSir | GameSir | GameSir App",https://gamesir.com/cdn/shop/t/64/assets/transparent.png?v=74725729134931200321767515786 | https://gamesir.com/cdn/shop/files/logo_1bbc21e8-a4b0-42a4-b29f-a48959045877.png?v=1737874858&width=600 | https://gamesir.com/cdn/shop/files/xbox-wired.png?v=1776252078&width=1206 | https://gamesir.com/cdn/shop/files/xbox-wired.png?v=1776252078&width=200 | https://gamesir.com/cdn/shop/files/1_fd306e58-9c64-4cb2-83dc-8fedaf681573.png?v=1776228783 | https://gamesir.com/cdn/shop/files/1_8f10779e-6a78-44b8-9706-4c8842c8f20c.png?v=1776229012 | https://gamesir.com/cdn/shop/files/2_ef657b6c-c726-4c2b-a4ba-6428eae385a8.png?v=1776228778 | https://gamesir.com/cdn/shop/files/2_15a9a2f9-53b9-44b6-a72c-a29f038cf933.png?v=1776229012 | https://gamesir.com/cdn/shop/files/3_2b8e6073-4120-4ad0-9b28-e9ef294165a2.png?v=1776228779 | https://gamesir.com/cdn/shop/files/3_6263b770-9591-409f-b0ad-1c2ed650c05d.png?v=1776229008 | https://gamesir.com/cdn/shop/files/4_ee59429b-3c0c-432b-8086-3f8641e1ea3a.png?v=1776228778 | https://gamesir.com/cdn/shop/files/5_03bd4303-e614-45a9-b08d-c47ef8248597.png?v=1776228783 | https://gamesir.com/cdn/shop/files/4_26b92927-6c9a-44cf-a1a4-eca37288643b.png?v=1776229011 | https://gamesir.com/cdn/shop/files/6_26c6f064-a195-4a37-a42e-80bfa74c6619.png?v=1776228782 | https://gamesir.com/cdn/shop/files/5_621dce78-28a8-4fea-8653-7589afce9783.png?v=1776229010 | https://gamesir.com/cdn/shop/files/7_e0721e37-e943-45d0-abb5-10cfbae830fd.png?v=1776228781 | https://gamesir.com/cdn/shop/files/6_2110bf7f-fac8-48fd-8a41-e3278987c672.png?v=1776229011 | https://gamesir.com/cdn/shop/files/8_bdbaccbf-3d30-4427-980c-6f6722a5f772.png?v=1776228783 | https://gamesir.com/cdn/shop/files/7_88ca29e9-d3d3-4ff9-b81d-a67feb3f9e21.png?v=1776229013 | https://gamesir.com/cdn/shop/files/9_fec24da3-c41f-432a-8350-2459487636ea.png?v=1776228780 | https://gamesir.com/cdn/shop/files/8_9ff3114d-50d5-4f52-a03f-af944ea1cbb9.png?v=1776229008 | https://gamesir.com/cdn/shop/files/10_f85b4644-d02b-4ee6-ac01-c6973da69a6b.png?v=1776228779 | https://gamesir.com/cdn/shop/files/9_f67b5a81-6439-4441-9037-8b49b43edd5a.png?v=1776229008 | https://gamesir.com/cdn/shop/files/626b9b6886075081b16840ac10c50041.png?v=1736850234&width=760,https://gamesir.com/es/collections/all-products-1/products/gamesir-tarantula-pro-for-xbox
GameSir T7 Pro Sugar Whirl Wireless Controller for Xbox,Precio regular $89.99 USD,Disponible,,"Key Features: Tri-Mode Connectivity: Bluetooth, 2.4G Wireless, and Wired Master any gaming setup with seamless Tri-Mode Connectivity. Effortlessly toggle between 2.4G Wireless, Bluetooth, and Wired connection. Whether you're at your PC desk, on the couch, or gaming on the go, this versatile controller delivers total freedom across all platforms. Licensed by Xbox : Enjoy your game on Xbox wirelessly Officially licensed by Xbox, this controller brings true wireless freedom directly to your console. No messy cables. Experience seamless, native-level connectivity with ultra-low latency, letting you dominate your favorite Xbox games right from the anywhere. Special Design: Delicate swirl of cotton candy and morning skies on shell Fall in love with our special design. The controller shell features a dreamy, delicate swirl of sweet cotton candy and soft morning skies. This delightfully cute, pastel aesthetic adds a magical, charming touch to any gaming setup. GameSir Mag-Res™ TMR sticks for smoother control Immerse yourself in dreamy, cozy bliss. The delicate cotton candy and morning sky swirls on the shell are matched by GameSir Mag-Res™ TMR sticks. Experience buttery-smooth anti-drift precision and pixel-perfect accuracy that looks as sweet and ethereal as it plays. Hall Effect analog triggers, with 2-stage trigger stops Drift into your favorite worlds with perfectly smooth Hall Effect analog triggers. Designed for effortless comfort, they feel as light as air. Simply toggle the 2-stage trigger stops for a gentle, shorter press, making your cozy gaming sessions completely stress-free. Durable membrane buttons: ABXY and D-pad Enjoy cloud-like comfort that's built to last. The membrane ABXY buttons and D-pad are crafted for enduring reliability, offering an ultra-soft, low-force press. Experience gentle, whisper-quiet inputs that completely eliminate finger fatigue during your longest, coziest gaming sessions. Two tactile back buttons for mapping any button you want Let your gameplay take flight. These two delicate back buttons actuate with a gentle touch, reminiscent of a butterfly's soft wings. Effortlessly map any function to glide through your cozy adventures with airy grace, absolute comfort, and total control. Four rumble motors bring you the most realistic motion experience Feel every magical moment. With four precision rumble motors, experience nuanced, gentle feedback that pulls you deeper into your cozy worlds. From a soft heartbeat to a delicate breeze, enjoy rich, soothing sensory details without any harsh jolts. RGB Lighting Effects: Feel the gaming ambient Bring your morning sky shell to life. The gentle RGB lighting casts a soothing, pastel radiance that perfectly complements your cozy setup. Let this dreamy, breathing illumination create a beautifully relaxing atmosphere for all your magical adventures. Full customization via GameSir Nexus software Take complete control of your controller with the GameSir Nexus software. Easily remap buttons, fine-tune stick and trigger sensitivity, adjust vibration intensity, and personalize RGB lighting. Save multiple custom profiles to seamlessly switch between your favorite games.","TECH SPECS: Working Platform: Xbox, PC, Android Connection: Tri-mode for Xbox and PC; Bluetooth for Android Sticks: GameSir Mag-Res™ TMR sticks Triggers: Hall Effect analog triggers, with 2-stage trigger stops ABXY Buttons: Membrane D-pad: Membrane Back Button: Tactile, no latches Remappable Buttons: 2 back buttons Turbo: No Polling Rate: 250 Hz on Xbox, up to 1000 Hz on PC Motion Control: Yes, 6-axis gyroscope only on PC. 3.5mm Audio Jack: Yes RGB Lighting: Yes Rumble Motors: Yes, 4 in total. (One in each grip and each trigger) Battery: Yes, 1050 mAh Grips: Ergonomic anti-slip laser-textured grips Charging Station: Yes, included in box Supported Software: GameSir Nexus Product Size:145 x 93 x 59 mm / 5.71 x 3.66 x 2.32 in Net Weight: 236g / 0.52 lb Package Size: 180 x 168 x 93 mm / 7.09 x 6.61 x 3.66 in","GameSir T7 Pro Sugar Whirl Wireless Controller for Xbox | Xbox Controllers | Mobile Controllers | Switch Controllers | PC Controllers | GameSir Mag-Res™ TMR sticks for smoother control | Immerse yourself in dreamy, cozy bliss. The delicate cotton candy and morning sky swirls on the shell are matched by GameSir Mag-Res™ TMR sticks. Experience buttery-smooth anti-drift precision and pixel-perfect accuracy that looks as sweet and ethereal as it plays. | Full customization via GameSir Nexus software | Take complete control of your controller with the GameSir Nexus software. Easily remap buttons, fine-tune stick and trigger sensitivity, adjust vibration intensity, and personalize RGB lighting. Save multiple custom profiles to seamlessly switch between your favorite games. | Sticks: GameSir Mag-Res™ TMR sticks | Supported Software: GameSir Nexus | GameSir T7 Pro Sugar Whirl ... | Join GameSir Discord and seek quick answers from skillful players. | About GameSir | GameSir | GameSir App",https://gamesir.com/cdn/shop/t/64/assets/transparent.png?v=74725729134931200321767515786 | https://gamesir.com/cdn/shop/files/logo_1bbc21e8-a4b0-42a4-b29f-a48959045877.png?v=1737874858&width=600 | https://gamesir.com/cdn/shop/files/1_1_943f5324-af44-45b9-869a-2c33a0c1a5d2.png?v=1776674922&width=1206 | https://gamesir.com/cdn/shop/files/1_1_943f5324-af44-45b9-869a-2c33a0c1a5d2.png?v=1776674922&width=200 | https://gamesir.com/cdn/shop/files/1_c2838967-74ec-4fd7-a05f-fb87a73c765c.jpg?v=1776675119 | https://gamesir.com/cdn/shop/files/1_c5cce894-129a-4a81-ba99-ef3610021389.png?v=1776675133 | https://gamesir.com/cdn/shop/files/2_a6085c53-4617-4348-81a0-dce42af6b00c.jpg?v=1776675118 | https://gamesir.com/cdn/shop/files/2_4bbeda80-db84-4ddb-8b71-8fced51a8ef9.png?v=1776675129 | https://gamesir.com/cdn/shop/files/3_ca9ddd1a-3ffc-4a90-b1ff-d345b2ab41ea.jpg?v=1776675119 | https://gamesir.com/cdn/shop/files/3_dfa780ed-1269-4274-8880-9a996294a5ee.png?v=1776675132 | https://gamesir.com/cdn/shop/files/4_ca5d5b59-241b-4cb1-b750-64e791248c43.jpg?v=1776675118 | https://gamesir.com/cdn/shop/files/4_9f22f482-aa78-49b8-a744-9e7a21488cbf.png?v=1776675131 | https://gamesir.com/cdn/shop/files/5_a0800a0b-8cc8-4677-a029-93f3440a33aa.jpg?v=1776675119 | https://gamesir.com/cdn/shop/files/5_27bc5be8-8f21-4558-82b8-2eab51b216a4.png?v=1776675131 | https://gamesir.com/cdn/shop/files/6_a4defba5-721d-43bd-b3ca-103c6b2f1667.jpg?v=1776675118 | https://gamesir.com/cdn/shop/files/6_68be52ec-a5b0-410b-9d0f-f5f74a677e58.png?v=1776675133 | https://gamesir.com/cdn/shop/files/7_73c31432-fdb6-446c-8014-2bcf5f868db4.jpg?v=1776675119 | https://gamesir.com/cdn/shop/files/7_f0d535d4-281f-4648-92a3-9cbfb5d9f75e.png?v=1776675132 | https://gamesir.com/cdn/shop/files/626b9b6886075081b16840ac10c50041.png?v=1736850234&width=760,https://gamesir.com/es/collections/all-products-1/products/gamesir-gamesir-t7-pro-sugar-whirl
"GameSir Pocket Taco - Bluetooth Mobile Gaming Controller, Perfect for Retro Scene",Precio en oferta $29.99 USD Precio regular $34.99 USD,Disponible,,"Key Features: Vertical Handheld Gaming on Mobile The Pocket Taco brings vertical handheld gaming to your mobile device with a secure clamp-style design. Relive the classic retro and arcade gaming experience wherever you go. Bluetooth Connection Seamlessly connect via Bluetooth and enjoy smooth gaming across Android and other compatible devices. Portable & Lightweight Take your gaming anywhere with ease. With a compact design and a lightweight body of just 62.2 g, it’s perfect for gaming on the go. It also comes with a PP storage box, providing convenient portability and secure protection for your device. Smart Power On/Off Automatically powers on when unfolded and powers off when closed, ensuring a seamless and convenient gaming experience. Built-in Keyboard Mode Supports switching to keyboard mode for versatile use. In keyboard mode, the button values can be remapped, giving you full control over your gameplay setup. Phone Protection with Silicone Pads The clamp area is equipped with soft silicone pads to protect your phone from scratches and damage while keeping it secure during gameplay. Long-lasting Battery Equipped with a 600 mAh high-capacity battery, the Pocket Taco delivers long-lasting power to keep you gaming for hours without interruption. Responsive Button Design Featuring cushioned membrane ABXY and D-pad, along with tactile switch triggers and bumpers, the Pocket Taco delivers precise and responsive inputs for every move. Supports Phone Charging During Gameplay The Pocket Taco features a hollow-bottom design that aligns precisely with your phone’s charging port, allowing you to charge your device while gaming without any interruptions. Customization via GameSir App The Pocket Taco supports software customization through the GameSir app. You can remap button values, enable D-pad diagonal lock, enjoy full G-Touch and V-Touch support, and more. Some settings can also be adjusted via on-the-fly button combinations, ensuring seamless adjustments during gameplay.","TECH SPECS: Compatible Platform: Android and other compatible devices Connection: Bluetooth Triggers: Tactile Switch Bumpers: Tactile Switch ABXY Buttons: Membrane D-pad: Membrane Battery: 600mAh Turbo Function: Yes, supported on A/B/X/Y/L1/R1/L2/R2 Customization Software: GameSir app Product Size: 78*70.9*20.7 mm / 3.07*2.79*0.81 in Net Weight: 62.2 g / 0.14 lbs","GameSir Pocket Taco - Bluetooth Mobile Gaming Controller, Perfect for | Xbox Controllers | Mobile Controllers | Switch Controllers | PC Controllers | GameSir Pocket Taco - Bluetooth Mobile Gaming Controller, Perfect for Retro Scene | Customization via GameSir App | The Pocket Taco supports software customization through the GameSir app. You can remap button values, enable D-pad diagonal lock, enjoy full G-Touch and V-Touch support, and more. Some settings can also be adjusted via on-the-fly button combinations, ensuring seamless adjustments during gameplay. | Customization Software: GameSir app | GameSir Pocket Taco - Bluet... | Join GameSir Discord and seek quick answers from skillful players. | About GameSir | GameSir | GameSir App",https://gamesir.com/cdn/shop/t/64/assets/transparent.png?v=74725729134931200321767515786 | https://gamesir.com/cdn/shop/files/logo_1bbc21e8-a4b0-42a4-b29f-a48959045877.png?v=1737874858&width=600 | https://gamesir.com/cdn/shop/files/1_caf20f9e-dc86-4c36-83e3-fe0d574a9de3.png?v=1776953310&width=1206 | https://gamesir.com/cdn/shop/files/preview_images/10a10c5959fe4bc0803ca2f20efecb41.thumbnail.0000000000_2048x.jpg?v=1778141198 | https://gamesir.com/cdn/shop/files/1_caf20f9e-dc86-4c36-83e3-fe0d574a9de3.png?v=1776953310&width=200 | https://gamesir.com/cdn/shop/files/1_23db3288-5655-4c41-8883-13c71631e45e.png?v=1767684245 | https://gamesir.com/cdn/shop/files/1000_87c72eab-870d-490a-9485-c6eb587e2e74.png?v=1767684679 | https://gamesir.com/cdn/shop/files/2_209ecc34-5be6-4571-8278-7894b9f25f61.png?v=1767684296 | https://gamesir.com/cdn/shop/files/1000_2.png?v=1767684672 | https://gamesir.com/cdn/shop/files/3_fb2e50df-64aa-4e50-b1c9-a71c42403cdd.png?v=1766570475 | https://gamesir.com/cdn/shop/files/3_a46d7115-d9be-4212-80c0-7fb179b02ad0.png?v=1766570640 | https://gamesir.com/cdn/shop/files/4_f8c02123-3d5d-452c-a2fd-39245e934880.png?v=1767684380 | https://gamesir.com/cdn/shop/files/1000_4.png?v=1767684676 | https://gamesir.com/cdn/shop/files/5_cff20e0e-4b3a-4b67-a775-c2f2d4654bfa.png?v=1766570481 | https://gamesir.com/cdn/shop/files/5_ea2e94ba-32cc-46dc-bd4f-4d94c736b374.png?v=1766570641 | https://gamesir.com/cdn/shop/files/6_4b2df132-8075-41e5-986d-e1a83a5a94c0.png?v=1766570480 | https://gamesir.com/cdn/shop/files/6_b1a249d2-4a33-4929-a84f-427428a45e51.png?v=1766570643 | https://gamesir.com/cdn/shop/files/7_419d177c-803d-4ea1-b4c2-49afe3f036f7.png?v=1767684524 | https://gamesir.com/cdn/shop/files/1000_7.png?v=1767684666 | https://gamesir.com/cdn/shop/files/626b9b6886075081b16840ac10c50041.png?v=1736850234&width=760,https://gamesir.com/es/collections/all-products-1/products/gamesir-pocket-taco
"GameSir G7 Pro Tri-Mode Xbox Wired, PC & Mobile Wireless Controller",Precio regular $79.99 USD,Disponible,,"Key Features: Tri-mode connectivity - Wired for Xbox, Wireless for PC, and Bluetooth for Android: The G7 Pro supports seamless connectivity across Xbox, PC, and Android. Effortlessly switch between modes using the convenient physical mode switch. Choose from Wired for Xbox; 2.4G & Wired for PC; Bluetooth for Android. * For wired connection, the detachable cable retainer ensures a stable and secure connection. GameSir Mag-Res™ TMR sticks, smooth control and ultra-long lifespan Hall Effect analog triggers, with clicky Micro Switch trigger stops Built-in gyroscope with mapping function (PC only) Enhance your control on PC with the built-in gyroscope, which allows you to map the gyroscope to the stick, buttons, or mouse. This enables more precise and intuitive gameplay. Four macro buttons for enhanced personalized control 1000Hz polling rate on PC via both wired & 2.4G connections Optical Micro Switch ABXY and Mechanical Micro Switch D-pad Three-part magnetic swappable faceplate and extra D-pad for free customization Four rumble motors for realistic and immersive haptic feedback Smart Auto Start-Stop Charging Station 3.5mm audio, supported via both wired & 2.4G wireless Upgraded software, lets you tailor the controller to your needs","TECH SPECS: Working Platform: Xbox Series X|S, Xbox One, PC, Android, Steam Connection: Wired for Xbox; 2.4G & Wired for PC; Bluetooth for Android Sticks: GameSir Mag-Res™ TMR sticks Triggers: Hall Effect analog triggers with Micro Switch trigger stops Buttons: Optical Micro Switch ABXY, Mechanical Micro Switch D-pad Rumble Motors: 4 Extra Buttons: 4 (R4/L4 back button and R5/L5 mini bumper) Back Button Latches: Yes 3.5mm Audio Jack: Yes, supported via both wired & 2.4G wireless Gyroscope: Yes (PC only) Battery: 1200mAh Charging Station: Included Software: GameSir Nexus Faceplate: Three-part magnetic swappable. * Compatible with the previous G7 series faceplates, but other G7 series controllers are not compatible with the G7 Pro’s faceplate. Included Accessories: Charging Station*1, Receiver*1, D-pad*2, Cable Retainer*1, 3m Type-C Cable*1 Product Size: 152*103*58mm/5.98*4.06*2.28in Net Weight: 272g/0.60lbs Package Size: 177*173*94mm / 6.97*6.81*3.70in Gross Weight: 782g / 1.72lbs Carton Size: (20pcs/carton): 490*375*380mm / 19.29*14.76*14.96in Carton Weight: (20pcs/carton): 17.41kg / 38.39lbs","GameSir G7 Pro Tri-Mode Xbox & PC Controller | Wireless Gaming | Xbox Controllers | Mobile Controllers | Switch Controllers | PC Controllers | GameSir G7 Pro | GameSir G7 Pro Tri-Mode Xbox Wired, PC & Mobile Wireless Controller | GameSir Mag-Res™ TMR sticks, smooth control and ultra-long lifespan | Sticks: GameSir Mag-Res™ TMR sticks | Software: GameSir Nexus | GameSir G7 Pro Tri-Mode Xbo... | Join GameSir Discord and seek quick answers from skillful players. | About GameSir | GameSir | GameSir App",https://gamesir.com/cdn/shop/t/64/assets/transparent.png?v=74725729134931200321767515786 | https://gamesir.com/cdn/shop/files/logo_1bbc21e8-a4b0-42a4-b29f-a48959045877.png?v=1737874858&width=600 | https://gamesir.com/cdn/shop/files/2_1_bcc4c720-0bcc-4261-b836-3b30bc4357e5.png?v=1750068124&width=1206 | https://gamesir.com/cdn/shop/files/preview_images/c231dd47045c4140ac7fc7e509fdaa48.thumbnail.0000000000_2048x.jpg?v=1749525537 | https://gamesir.com/cdn/shop/files/preview_images/ad110124fc924187ac8c1cab6fa04145.thumbnail.0000000000_2048x.jpg?v=1749525543 | https://gamesir.com/cdn/shop/files/preview_images/d1d9255fa61943ff82252e554f624f16.thumbnail.0000000000_2048x.jpg?v=1778139951 | https://gamesir.com/cdn/shop/files/preview_images/c842adacf8c0409ab15f01e8da37f888.thumbnail.0000000000_2048x.jpg?v=1778139970 | https://gamesir.com/cdn/shop/files/2_1_bcc4c720-0bcc-4261-b836-3b30bc4357e5.png?v=1750068124&width=200 | https://gamesir.com/cdn/shop/files/1_1.5x_4ebc0905-51b5-446c-8f3a-a2200c49f7d3.png?v=1750216217 | https://gamesir.com/cdn/shop/files/992a47144509604972dd77024492f932_497af3e3-711b-4bbe-9301-dd5098d18c9f.png?v=1750216176 | https://gamesir.com/cdn/shop/files/PC_3851985f-f58f-4a62-bac7-613888d4dfcf.png?v=1759243813 | https://gamesir.com/cdn/shop/files/APP_887b4c7c-e817-47d3-8145-83d9a183dcd8.png?v=1759243812 | https://gamesir.com/cdn/shop/files/2_1.5x_f008f34a-8d2c-4d1f-97c0-1955ff579ce8.png?v=1750216242 | https://gamesir.com/cdn/shop/files/3_1.5x_63e83c19-4a12-4b41-ab95-8e5bdebea576.png?v=1750216406 | https://gamesir.com/cdn/shop/files/2_6d34f1db-9762-4836-9bda-54ed82ca009f.png?v=1749813607 | https://gamesir.com/cdn/shop/files/4_1.5x_b02cb37b-689a-46e0-bdb9-4ed32efdfe9b.png?v=1750216499 | https://gamesir.com/cdn/shop/files/5_1.5x.png?v=1749813418 | https://gamesir.com/cdn/shop/files/3_034bc247-9e15-49bb-8ede-cc819217a8b3.png?v=1749813609 | https://gamesir.com/cdn/shop/files/6_1.5x.png?v=1749813422 | https://gamesir.com/cdn/shop/files/4_b6ae3111-d77f-44ec-b2e0-1d22a5845792.png?v=1749813612 | https://gamesir.com/cdn/shop/files/5_c9ad3194-0a20-406f-8cd8-8ee449becac9.png?v=1749813610 | https://gamesir.com/cdn/shop/files/polling_rate.png?v=1750066888 | https://gamesir.com/cdn/shop/files/polling_rate_d1fdb903-781e-419d-9b41-13ad61534a8e.png?v=1750071071 | https://gamesir.com/cdn/shop/files/style.png?v=1750066814 | https://gamesir.com/cdn/shop/files/8_26da4e1c-4c93-44e2-bc29-2d50471c9a9f.png?v=1749813611 | https://gamesir.com/cdn/shop/files/9_ed84e0dc-0751-401a-89f4-afdc84ced3d9.png?v=1749813612 | https://gamesir.com/cdn/shop/files/9_1.58989898989.png?v=1750066697 | https://gamesir.com/cdn/shop/files/10_6f39231a-a23f-4327-80a4-ea6cb6440f8c.png?v=1749813606 | https://gamesir.com/cdn/shop/files/11_1.5x_8617edf5-7ab0-4db0-8b1e-ed15697da9eb.png?v=1750216235 | https://gamesir.com/cdn/shop/files/a5b9aa89a94f43751042998f5a79e7f2.png?v=1750066732 | https://gamesir.com/cdn/shop/files/626b9b6886075081b16840ac10c50041.png?v=1736850234&width=760,https://gamesir.com/es/collections/all-products-1/products/gamesir-g7-pro
"GameSir G7 Pro Tri-Mode Xbox Wired, PC & Mobile Wireless Controller-Metallic Silver",Precio regular $79.99 USD,Disponible,,"Key Features: Tri-mode connectivity - Wired for Xbox, Wireless for PC, and Bluetooth for Android The G7 Pro supports seamless connectivity across Xbox, PC, and Android. Effortlessly switch between modes using the convenient physical mode switch. Choose from Wired for Xbox; 2.4G & Wired for PC; Bluetooth for Android.* For wired connection, the detachable cable retainer ensures a stable and secure connection. GameSir Mag-Res™ TMR sticks, smooth control and ultra-long lifespan The G7 Pro is equipped with the latest GameSir Mag-Res™ TMR sticks, blending the precise performance and low power consumption of traditional potentiometer sticks with the exceptional durability of Hall Effect sticks. This innovative technology ensures a higher and more stable polling rate, offering gamers a smoother, instantaneous, and anti-drift gaming experience like never before. Hall Effect analog triggers, with clicky Micro Switch trigger stops The GameSir precision-tuned Hall Effect analog triggers provide unmatched smoothness and linear input for precise control. Featuring clicky Micro Switch trigger stops, gamers can easily switch based on their preferences. Additionally, the G7 Pro offers a Hair Trigger Mode that can be activated by holding the M+LT/RT buttons. Whether you need precise linear control or ultimate responsiveness, the G7 Pro gives you the competitive edge. Built-in gyroscope with mapping function (PC only) Enhance your control on PC with the built-in gyroscope, which allows you to map the gyroscope to the stick, buttons, or mouse. This enables more precise and intuitive gameplay. Four extra buttons for enhanced personalized control The G7 Pro features four extra buttons, including two mini bumpers (R5/L5) and two lockable back buttons (R4/L4), allowing gamers to customize their controls. 1000Hz polling rate on PC via both wired & 2.4G connections Experience ultra-responsive gaming with a 1000Hz polling rate on PC, available through both wired and 2.4G wireless connections. This ensures instantaneous input registration, reducing lag and optimizing your performance for the most competitive gameplay. Optical Micro Switch ABXY and Mechanical Micro Switch D-pad Feel the esports-grade precision with optical micro switch ABXY buttons and a mechanical micro switch D-pad. Designed for tactile feedback and long-lasting durability, every press is crisp and responsive—ensuring consistent performance even during the most intense gaming moments. Three-part magnetic swappable faceplate and extra D-pad for free customization Personalize your setup with a three-part magnetic swappable faceplate and two extra D-pads (included), making it easy to match your controller to your unique style or grip preferences. Plus, the G7 Pro is compatible with faceplates from the previous G7 series, giving you even more ways to customize. Please note: While G7 series faceplates are compatible with the G7 Pro, the G7 Pro’s faceplate is not compatible with other G7 series controllers (G7, G7 SE, and G7 HE). Four rumble motors for realistic and immersive haptic feedback The controller features a total of four rumble motors, with one in each grip and trigger, providing immersive and realistic vibration feedback, ensuring that every small crash and shot is felt in your hands as if it were happening on the spot. Smart Auto Start-Stop Charging Station The G7 Pro comes with a Smart Auto Start-Stop Charging Station and a built-in 1200mAh battery, delivering extended battery life for hours of uninterrupted gameplay. Simply place the controller on the station to begin charging, and pick it up to play. The station also includes a receiver storage compartment at the base, allowing you to extend the cable’s reach or to securely store the receiver when not in use. 3.5mm audio, supported via both wired & 2.4G wireless The G7 Pro supports 3.5mm audio output via both wired & 2.4G wireless connections, delivering a more convenient and immersive gaming experience. Full customization via GameSir Nexus software The G7 Pro is compatible with the GameSir Nexus software. It offers powerful features such as gyro settings, stick curve adjustments, and button-to-mouse mapping, giving you full control and customization to tailor your gaming experience exactly how you like.","TECH SPECS: Working Platform: Xbox Series X|S, Xbox One, PC, Android Connection: Wired for Xbox; 2.4G & Wired for PC; Bluetooth for Android Sticks: GameSir Mag-Res™ TMR sticks Triggers: Hall Effect analog triggers with Micro Switch trigger stops ABXY: Optical Micro Switch D-pad: Mechanical Micro Switch Rumble Motors: 4, one in each grip and trigger Extra Buttons: 4 (R4/L4 back button and R5/L5 mini bumper) Back Button Latches: Yes 3.5mm Audio Jack: Yes, supported via both wired & 2.4G wireless Gyroscope: Yes (PC only) Battery: 1200mAh Charging Time: 2.5h (5V⎓1A, tested by GameSir Lab) Battery Life: Around 10 hours under typical gaming usage (Tested by GameSir Lab) Charging Station: Included Software: GameSir Nexus Faceplate: Three-part magnetic swappable. * Compatible with the previous G7 series faceplates, but other G7 series controllers are not compatible with the G7 Pro’s faceplate. Colorway: Metallic Silver, Bestbuy Exclusive Edition Included Accessories: Charging Station*1, Receiver*1, D-pad*2, Cable Retainer*1, 3m Type-C Cable*1 Product Size: 152*103*58mm/5.98*4.06*2.28in Net Weight: 272g/0.60lb Package Size: 177*173*94mm / 6.97*6.81*3.70in Gross Weight: 782g / 1.72lbs Carton Size: (20pcs/carton): 490*375*380mm / 19.29*14.76*14.96in Carton Weight: (20pcs/carton): 17.41kg / 38.39lbs","GameSir G7 Pro Tri-Mode Xbox Wired, PC & Mobile Wireless Controller-Me | Xbox Controllers | Mobile Controllers | Switch Controllers | PC Controllers | GameSir G7 Pro | GameSir G7 Pro Tri-Mode Xbox Wired, PC & Mobile Wireless Controller-Metallic Silver | GameSir Mag-Res™ TMR sticks, smooth control and ultra-long lifespan | The G7 Pro is equipped with the latest GameSir Mag-Res™ TMR sticks, blending the precise performance and low power consumption of traditional potentiometer sticks with the exceptional durability of Hall Effect sticks. This innovative technology ensures a higher and more stable polling rate, offering gamers a smoother, instantaneous, and anti-drift gaming experience like never before. | The GameSir precision-tuned Hall Effect analog triggers provide unmatched smoothness and linear input for precise control. Featuring clicky Micro Switch trigger stops, gamers can easily switch based on their preferences. Additionally, the G7 Pro offers a Hair Trigger Mode that can be activated by holding the M+LT/RT buttons. Whether you need precise linear control or ultimate responsiveness, the G7 Pro gives you the competitive edge. | Full customization via GameSir Nexus software | The G7 Pro is compatible with the GameSir Nexus software. It offers powerful features such as gyro settings, stick curve adjustments, and button-to-mouse mapping, giving you full control and customization to tailor your gaming experience exactly how you like. | Sticks: GameSir Mag-Res™ TMR sticks | Charging Time: 2.5h (5V⎓1A, tested by GameSir Lab) | Battery Life: Around 10 hours under typical gaming usage (Tested by GameSir Lab) | Software: GameSir Nexus | GameSir G7 Pro Tri-Mode Xbo... | Join GameSir Discord and seek quick answers from skillful players. | About GameSir | GameSir | GameSir App",https://gamesir.com/cdn/shop/t/64/assets/transparent.png?v=74725729134931200321767515786 | https://gamesir.com/cdn/shop/files/logo_1bbc21e8-a4b0-42a4-b29f-a48959045877.png?v=1737874858&width=600 | https://gamesir.com/cdn/shop/files/G7_Pro_3f2d3e9c-67bd-48a3-b253-d6abbf7728e0.png?v=1780660585&width=1206 | https://gamesir.com/cdn/shop/files/G7_Pro_3f2d3e9c-67bd-48a3-b253-d6abbf7728e0.png?v=1780660585&width=200 | https://gamesir.com/cdn/shop/files/1_feb98570-7437-438b-b383-656db2f5332d.png?v=1780053721 | https://gamesir.com/cdn/shop/files/992a47144509604972dd77024492f932_0021ff90-ec9d-42b8-ba44-7c6a44926df3.png?v=1780053982 | https://gamesir.com/cdn/shop/files/2_d9481c59-bd05-43a9-a581-8c5f870cba35.png?v=1780053723 | https://gamesir.com/cdn/shop/files/1_a3f81d5d-fed8-476e-b80d-a046c9eaf6cb.png?v=1780053946 | https://gamesir.com/cdn/shop/files/3_185292f0-3cac-4502-b84f-6cea8881bd34.png?v=1780053724 | https://gamesir.com/cdn/shop/files/2_7c6d4901-7fef-45a1-aec2-81976df91612.png?v=1780053947 | https://gamesir.com/cdn/shop/files/4_23ad20c5-336f-42e5-b590-360ab4f5bd87.png?v=1780053728 | https://gamesir.com/cdn/shop/files/5_0ec09aa1-cbb6-4c0d-b8c6-1cd05fb861cb.png?v=1780053731 | https://gamesir.com/cdn/shop/files/3_1df99185-cfb5-4604-9ad4-6a7a460cc6a9.png?v=1780053949 | https://gamesir.com/cdn/shop/files/6_3f33408a-a143-43b1-b2c4-9a38b26b8b1a.png?v=1780053733 | https://gamesir.com/cdn/shop/files/4_97976778-4145-4adc-9b85-ca3401556fdc.png?v=1780053952 | https://gamesir.com/cdn/shop/files/7_d5c5e8a0-b7a1-4115-9509-4141a048158f.png?v=1780053735 | https://gamesir.com/cdn/shop/files/5_57db3ae6-56b0-495d-9fb1-b31094aff48a.png?v=1780053953 | https://gamesir.com/cdn/shop/files/8_0b5f515f-0646-4463-ae2c-357b59cf83c9.png?v=1780053737 | https://gamesir.com/cdn/shop/files/6_935bf27a-401d-4912-8cc9-0e9caf83d232.png?v=1780053956 | https://gamesir.com/cdn/shop/files/9_bec5758b-a893-4fb2-a478-508f3f08cdc1.png?v=1780053738 | https://gamesir.com/cdn/shop/files/8_afa74b58-9954-42f4-a020-345f6aebf6a4.png?v=1780053958 | https://gamesir.com/cdn/shop/files/10_aa868457-17e6-4c2e-8443-be607e3c6ea4.png?v=1780053745 | https://gamesir.com/cdn/shop/files/9_5ab3b8a1-d2fd-48f3-ad39-5537934315bc.png?v=1780053961 | https://gamesir.com/cdn/shop/files/11_93548624-5249-481a-94b9-ffc561a83f24.png?v=1780053747 | https://gamesir.com/cdn/shop/files/10_18b534c4-a489-415a-800d-d8ae98e2f3fb.png?v=1780053963 | https://gamesir.com/cdn/shop/files/626b9b6886075081b16840ac10c50041.png?v=1736850234&width=760,https://gamesir.com/es/collections/all-products-1/products/gamesir-g7-pro-metallic-silver
"GameSir G7 Pro Zenless Zone Zero Edition Wireless Controller for Xbox, PC & Android",Precio regular $129.99 USD,Disponible,,"GameSir x Zenless Zone Zero Official Collaboration: GameSir and HoYoverse's collaborative wireless Xbox controller offers precise control and a translucent design inspired by game characters. Officially Licensed Wireless Controller for Xbox: As wireless controller for Xbox, it features 2.4G wireless connection and one-press wake-up for Xbox consoles, providing you with fast, reliable gameplay and effortless console activation. Tri-mode connectivity - 2.4G Wireless & Wired for Xbox consoles and PC; Bluetooth 5.3 for Android GameSir Mag-Res™ TMR sticks, smooth control and ultra-long lifespan Hall Effect analog triggers, with clicky Micro Switch trigger stops Built-in gyroscope with mapping function (PC only) Four remappable buttons for enhanced personalized control 1000Hz polling rate on PC via both wired & 2.4G connections Optical Micro Switch ABXY and Mechanical Micro Switch D-pad Three-part magnetic swappable faceplate and extra D-pads for free customization Four rumble motors for realistic and immersive haptic feedback Smart Auto Start-Stop Charging Station 3.5mm audio, supported via both wired & 2.4G wireless Full customization via GameSir Nexus app","TECH SPECS: Working Platform: Xbox Series X|S, Xbox One, PC, Android Connection: 2.4G wireless/wired for Xbox consoles and PC; Bluetooth 5.3 for Android Sticks: GameSir Mag-Res™ TMR sticks Triggers: Hall Effect analog triggers with Micro Switch trigger stops ABXY: Optical Micro Switch D-pad: Mechanical Micro Switch Rumble Motors: 4, one in each grip and trigger Extra Remappable Buttons: 4 (R4/L4 back button and R5/L5 mini bumper) Back Button Latches: Yes 3.5mm Audio Jack: Yes, supported via both wired & 2.4G wireless Motion Control: Yes (PC only) Battery: 1200mAh Charging Time: 2.5h (5V⎓1A, tested by GameSir Lab) Battery Life: Around 10 hours under typical gaming usage (Tested by GameSir Lab) Charging Station: Included Software: GameSir Nexus Faceplate: Three-part magnetic swappable Included Accessories: Additional Faceplate ×1, Charging Station ×1, Receiver ×1, D-pad ×2, 3m Type-C Cable ×1, Interchangeable Stick ×8, Silicone Thumbstick Cover ×4, Carrying Case ×1 Product Size: 152*103*58 mm / 5.98*4.06*2.28 in Net Weight: 272 g / 0.60 lbs Package Size: **mm / **in (TBD) Gross Weight: g /  lbs (TBD) Carton Size: (pcs/carton): **mm / **in (TBD) Carton Weight: (pcs/carton): kg / lbs (TBD)","GameSir G7 Pro Zenless Zone Zero Edition Wireless Controller for Xbox, | Xbox Controllers | Mobile Controllers | Switch Controllers | PC Controllers | GameSir G7 Pro Zenless Zone Zero Edition Wireless Controller for Xbox, PC & Android | GameSir x Zenless Zone Zero Official Collaboration: | GameSir and HoYoverse's collaborative wireless Xbox controller offers precise control and a translucent design inspired by game characters. | Officially Licensed Wireless Controller for Xbox: | GameSir Mag-Res™ TMR sticks, smooth control and ultra-long lifespan | Full customization via GameSir Nexus app | Sticks: GameSir Mag-Res™ TMR sticks | Charging Time: 2.5h (5V⎓1A, tested by GameSir Lab) | Battery Life: Around 10 hours under typical gaming usage (Tested by GameSir Lab) | Software: GameSir Nexus | GameSir G7 Pro Zenless Zone... | Join GameSir Discord and seek quick answers from skillful players. | About GameSir | GameSir | GameSir App",https://gamesir.com/cdn/shop/t/64/assets/transparent.png?v=74725729134931200321767515786 | https://gamesir.com/cdn/shop/files/logo_1bbc21e8-a4b0-42a4-b29f-a48959045877.png?v=1737874858&width=600 | https://gamesir.com/cdn/shop/files/1_518c33b4-f4a8-4a48-a974-cb00349468a5.png?v=1758765102&width=1206 | https://gamesir.com/cdn/shop/files/preview_images/bafb12352514473c8671e25b8670f284.thumbnail.0000000000_2048x.jpg?v=1778144004 | https://gamesir.com/cdn/shop/files/1_518c33b4-f4a8-4a48-a974-cb00349468a5.png?v=1758765102&width=200 | https://gamesir.com/cdn/shop/files/1_dc3efefe-03d1-463e-963f-787b51824f2d.jpg?v=1758728594 | https://gamesir.com/cdn/shop/files/1_69c9c9e1-eb95-497c-a88a-47cc3bce8386.png?v=1758728750 | https://gamesir.com/cdn/shop/files/2_acd33728-d140-49ed-8a6b-da883862bb13.png?v=1759052091 | https://gamesir.com/cdn/shop/files/2_68fbce96-34bf-4824-bc13-9f8be634d1a2.png?v=1759052000 | https://gamesir.com/cdn/shop/files/3_0f5d97da-7fe9-413b-b693-3287807dddc5.png?v=1759052142 | https://gamesir.com/cdn/shop/files/3_8d70529b-a5aa-40ca-8cef-6c554c9bcc13.png?v=1759056915 | https://gamesir.com/cdn/shop/files/4_2a7cbf31-abe2-4e0f-84bf-377a13afd6e1.png?v=1759052051 | https://gamesir.com/cdn/shop/files/4_491efec1-a0b8-4dae-8720-412b0cbe8529.png?v=1759052162 | https://gamesir.com/cdn/shop/files/5_71f67a9d-f27b-48fc-a22a-0fe02f2c0fc2.jpg?v=1758728594 | https://gamesir.com/cdn/shop/files/5_5a1eba25-e830-42ac-8b73-996f7655c955.png?v=1758728751 | https://gamesir.com/cdn/shop/files/6_b21d3477-6158-461f-a2d9-577e99004a3a.jpg?v=1758728645 | https://gamesir.com/cdn/shop/files/6_c397c8c1-3bca-4d00-a454-351368306696.png?v=1758728835 | https://gamesir.com/cdn/shop/files/7_dfe314a4-037a-4fb5-ada1-31453108508b.jpg?v=1758728597 | https://gamesir.com/cdn/shop/files/8_0c3bfbee-c430-4abf-a74b-52b1eedbbc31.png?v=1759056417 | https://gamesir.com/cdn/shop/files/8_16d76df1-2787-49ff-9f46-1eee6230dd6c.jpg?v=1758728565 | https://gamesir.com/cdn/shop/files/8_bcfc3656-5ec1-401a-aba5-29f101b1c4c8.png?v=1758728780 | https://gamesir.com/cdn/shop/files/10_8c01d48c-df23-40bd-9375-75eccbd40728.png?v=1759056519 | https://gamesir.com/cdn/shop/files/9_c2475d24-7545-46ff-8ff2-e99b761a99bf.jpg?v=1758728597 | https://gamesir.com/cdn/shop/files/11_e8ae065f-1862-4244-a768-d47cd7e88361.png?v=1759056543 | https://gamesir.com/cdn/shop/files/10_9afee0c6-f4ae-4036-a173-387f8d90da28.jpg?v=1758728647 | https://gamesir.com/cdn/shop/files/11_b53ca115-6bdb-45c3-8a5a-f70afb90e249.jpg?v=1758728565 | https://gamesir.com/cdn/shop/files/11_fa2345f8-0c18-4b6f-b1c0-b818516c39a2.png?v=1758728780 | https://gamesir.com/cdn/shop/files/12_54bc72c9-38ad-40ee-b017-a189d12f2a9d.png?v=1758728595 | https://gamesir.com/cdn/shop/files/12_51dc38bf-c050-492a-ab91-f029c9854e9b.png?v=1758728784 | https://gamesir.com/cdn/shop/files/626b9b6886075081b16840ac10c50041.png?v=1736850234&width=760,https://gamesir.com/es/collections/all-products-1/products/gamesir-g7prozzz
"GameSir G7 Pro Dragon's Dogma 2 Edition | Tri-Mode Xbox Wired, PC & Mobile Wireless Controller",Precio regular $89.99 USD,Disponible,,"Key Features: GameSir G7 Pro × Dragon’s Dogma 2 official collaboration Tri-mode connectivity - Wired for Xbox, Wireless for PC, and Bluetooth for Android GameSir Mag-Res™ TMR sticks, smooth control and ultra-long lifespan Hall Effect analog triggers, with clicky Micro Switch trigger stops Built-in gyroscope with mapping function (PC only) Four extra buttons for enhanced personalized control 1000Hz polling rate on PC via both wired & 2.4G wireless connections Optical Micro Switch ABXY and Mechanical Micro Switch D-pad Three-part magnetic swappable faceplate and extra D-pads for free customization Four rumble motors for realistic and immersive haptic feedback Smart Auto Start-Stop Charging Station 3.5mm audio, supported via both wired & 2.4G wireless Full customization via GameSir Nexus software","TECH SPECS: Working Platform: Xbox Series X|S, Xbox One, PC, Android, Steam Connection: Wired for Xbox; 2.4G wireless & wired for PC; Bluetooth for Android Sticks: GameSir Mag-Res™ TMR sticks Triggers: Hall Effect analog triggers with Micro Switch trigger stops ABXY: Optical Micro Switch D-pad: Mechanical Micro Switch Rumble Motors: 4, one in each grip and trigger Extra Buttons: 4 (R4/L4 back button and R5/L5 mini bumper) Back Button Latches: Yes 3.5mm Audio Jack: Yes, supported via both wired & 2.4G wireless Gyroscope: Yes (PC only) Battery: 1200mAh Charging Time: 2.5h (5V⎓1A, tested by GameSir Lab) Battery Life: Around 10 hours under typical gaming usage (Tested by GameSir Lab) Charging Station: Included Customization Software: GameSir Nexus Faceplate: Three-part magnetic swappable * Compatible with the previous G7 series faceplates, but other G7 series controllers are not compatible with the G7 Pro’s faceplate. Included Accessories: Charging Station ×1, Receiver ×1, D-pad ×2, Cable Retainer ×1, 3m USB-C Cable ×1 Product Size: 152*103*58mm/5.98*4.06*2.28in Net Weight: 272g/0.60lbs Package Size: 177*173*94mm / 6.97*6.81*3.70in Gross Weight: 790g / 1.74lbs","GameSir G7 Pro - DD2 Edition | Xbox Controllers | Mobile Controllers | Switch Controllers | PC Controllers | GameSir G7 Pro Dragon's Dogma 2 Edition | Tri-Mode Xbox Wired, PC & Mobile Wireless Controller | GameSir G7 Pro × Dragon’s Dogma 2 official collaboration | GameSir Mag-Res™ TMR sticks, smooth control and ultra-long lifespan | Full customization via GameSir Nexus software | Sticks: GameSir Mag-Res™ TMR sticks | Charging Time: 2.5h (5V⎓1A, tested by GameSir Lab) | Battery Life: Around 10 hours under typical gaming usage (Tested by GameSir Lab) | Customization Software: GameSir Nexus | GameSir G7 Pro Dragon's Dog... | Join GameSir Discord and seek quick answers from skillful players. | About GameSir | GameSir | GameSir App",https://gamesir.com/cdn/shop/t/64/assets/transparent.png?v=74725729134931200321767515786 | https://gamesir.com/cdn/shop/files/logo_1bbc21e8-a4b0-42a4-b29f-a48959045877.png?v=1737874858&width=600 | https://gamesir.com/cdn/shop/files/G7_Pro_589cb104-7251-4202-b1d5-be5ec31fb6cc.png?v=1780660804&width=1206 | https://gamesir.com/cdn/shop/files/G7_Pro_589cb104-7251-4202-b1d5-be5ec31fb6cc.png?v=1780660804&width=200 | https://gamesir.com/cdn/shop/files/1_b5fb545b-8cf8-4212-a682-3a35db16f5a9.png?v=1773999113 | https://gamesir.com/cdn/shop/files/1_67b87aca-7e13-4d0e-ac1b-4e6df2c423aa.png?v=1773999102 | https://gamesir.com/cdn/shop/files/2_36bad497-3e87-4603-a488-0fa5d917c729.png?v=1773999125 | https://gamesir.com/cdn/shop/files/2_98c71dd9-b675-4a27-9928-21985b989ca2.png?v=1773999105 | https://gamesir.com/cdn/shop/files/3_b1e63779-f6f5-480a-8927-ab3aeec8077d.png?v=1773999122 | https://gamesir.com/cdn/shop/files/3_da759876-268e-4950-8167-7c98126d085f.png?v=1773912352 | https://gamesir.com/cdn/shop/files/4_929b8429-b306-4989-9a97-4027524fceea.png?v=1773912352 | https://gamesir.com/cdn/shop/files/4_37cff545-57da-4a27-80fd-655e35bb6d57.png?v=1773999088 | https://gamesir.com/cdn/shop/files/5_8f69204a-8c0d-45ea-8a84-538e15758b79.png?v=1773999089 | https://gamesir.com/cdn/shop/files/5_f5b5bd53-cdad-4e33-88c4-f1962cbbb2c9.png?v=1773999027 | https://gamesir.com/cdn/shop/files/6_ffb0b114-6a79-41f9-97c7-460c7064cecf.png?v=1773999108 | https://gamesir.com/cdn/shop/files/6_d55412e5-f8b3-47ec-bfc2-2842ca5fc4ac.png?v=1773912352 | https://gamesir.com/cdn/shop/files/7_4a5428ec-e01c-468e-b239-d8ae9d98100b.png?v=1773999115 | https://gamesir.com/cdn/shop/files/7_15f573a1-f246-4b71-92a3-9a06997f72d3.png?v=1773912352 | https://gamesir.com/cdn/shop/files/8_c3680cc7-aa4d-4eed-8165-0e75b3e2eff2.png?v=1773999118 | https://gamesir.com/cdn/shop/files/8_61cf8e66-b025-495f-81c3-1f25a56c68c6.png?v=1773912352 | https://gamesir.com/cdn/shop/files/9_3865a7ab-686b-460a-8322-b78588d98b35.png?v=1773999117 | https://gamesir.com/cdn/shop/files/9_cdc186a1-395a-44ea-a6ae-110effebcbeb.png?v=1773912352 | https://gamesir.com/cdn/shop/files/10_e6261e96-12c3-430a-bb40-4cc4f7e2eea2.png?v=1773999121 | https://gamesir.com/cdn/shop/files/10_d1e6fb3f-dc2a-4d7d-b901-433529aac17e.png?v=1773912352 | https://gamesir.com/cdn/shop/files/11_290bc9cf-687a-42c4-8d4e-3930b1cf1cd1.png?v=1773999109 | https://gamesir.com/cdn/shop/files/11_57be446d-46cb-4e21-8124-f351cf0dcd1b.png?v=1773912352 | https://gamesir.com/cdn/shop/files/12_512ddf2f-c6c8-4fc3-b769-00823a725763.png?v=1773999121 | https://gamesir.com/cdn/shop/files/12_9098b34b-5b0f-458b-ab38-736302351bd0.png?v=1773912352 | https://gamesir.com/cdn/shop/files/13_a741a3c3-30ab-4d2a-bcdb-8548c4cb37cd.png?v=1773999051 | https://gamesir.com/cdn/shop/files/13_10850d4f-7b48-41be-a34f-8611da58fe47.png?v=1773912351 | https://gamesir.com/cdn/shop/files/626b9b6886075081b16840ac10c50041.png?v=1736850234&width=760,https://gamesir.com/es/collections/all-products-1/products/gamesir-g7pro-dragons-dogma-2
"GameSir G7 Pro WUCHANG: Fallen Feathers Edition | Wireless Controller for Xbox, PC & Android",Precio regular $99.99 USD,Disponible,,"Key Features: 1. Officially Licensed Wireless Controller for Xbox. Tri-mode connectivity - 2.4G Wireless & Wired for Xbox consoles and PC; Bluetooth 5.3 for Android GameSir Mag-Res™ TMR sticks, smooth control and ultra-long lifespan Hall Effect analog triggers, with clicky Micro Switch trigger stops Built-in gyroscope with mapping function (PC only) Enhance your control on PC with the built-in gyroscope, which allows you to map the gyroscope to the stick, buttons, or mouse. This enables more precise and intuitive gameplay. Four macro buttons for enhanced personalized control 1000Hz polling rate on PC via both wired & 2.4G connections Optical Micro Switch ABXY and Mechanical Micro Switch D-pad Three-part magnetic swappable faceplate and extra D-pad for free customization Four rumble motors for realistic and immersive haptic feedback Smart Auto Start-Stop Charging Station 3.5mm audio, supported via both wired & 2.4G wireless Upgraded software, lets you tailor the controller to your needs","TECH SPECS: Working Platform: Xbox Series X|S, Xbox One, PC, Android Connection: 2.4G wireless/wired for Xbox consoles and PC; Bluetooth 5.3 for Android Sticks: GameSir Mag-Res™ TMR sticks Triggers: Hall Effect analog triggers with Micro Switch trigger stops ABXY: Optical Micro Switch D-pad: Mechanical Micro Switch Rumble Motors: 4, one in each grip and trigger Extra Remappable Buttons: 4 (R4/L4 back button and R5/L5 mini bumper) Back Button Latches: Yes 3.5mm Audio Jack: Yes, supported via both wired & 2.4G wireless Motion Control: Yes (PC only) Battery: 1200mAh Charging Time: 2.5h (5V⎓1A, tested by GameSir Lab) Battery Life: Around 10 hours under typical gaming usage (Tested by GameSir Lab) Charging Station: Included Software: GameSir Nexus Faceplate: Three-part magnetic swappable Included Accessories: Charging Station x1, Receiver x1, D-pad x2, Cable Retainer x1, 3m Type-C Cable x1 Product Size: 152*103*58 mm / 5.98*4.06*2.28 in Net Weight: 272 g / 0.60 lbs Package Size: 177*173*94 mm / 6.97*6.81*3.70 in Gross Weight: 782 g / 1.72 lbs Carton Size: (20pcs/carton): 490*375*380 mm / 19.29*14.76*14.96 in Carton Weight: (20pcs/carton): 17.41 kg / 38.39 lbs","GameSir G7 Pro Wireless Controller for Xbox - Fallen Feathers Edition | Xbox Controllers | Mobile Controllers | Switch Controllers | PC Controllers | GameSir G7 Pro WUCHANG: Fallen Feathers Edition | Wireless Controller for Xbox, PC & Android | 1. Officially Licensed Wireless Controller for Xbox. Tri-mode connectivity - 2.4G Wireless & Wired for Xbox consoles and PC; Bluetooth 5.3 for Android | GameSir Mag-Res™ TMR sticks, smooth control and ultra-long lifespan | Sticks: GameSir Mag-Res™ TMR sticks | Charging Time: 2.5h (5V⎓1A, tested by GameSir Lab) | Battery Life: Around 10 hours under typical gaming usage (Tested by GameSir Lab) | Software: GameSir Nexus | GameSir G7 Pro WUCHANG: Fal... | Join GameSir Discord and seek quick answers from skillful players. | About GameSir | GameSir | GameSir App",https://gamesir.com/cdn/shop/t/64/assets/transparent.png?v=74725729134931200321767515786 | https://gamesir.com/cdn/shop/files/logo_1bbc21e8-a4b0-42a4-b29f-a48959045877.png?v=1737874858&width=600 | https://gamesir.com/cdn/shop/files/1_fb3ffdda-d647-4bd9-abaa-7e38078ea441.png?v=1755241086&width=1206 | https://gamesir.com/cdn/shop/files/preview_images/2c43ab9378c94113babdcc2804716f56.thumbnail.0000000000_2048x.jpg?v=1778139485 | https://gamesir.com/cdn/shop/files/1_fb3ffdda-d647-4bd9-abaa-7e38078ea441.png?v=1755241086&width=200 | https://gamesir.com/cdn/shop/files/1_ba37d4b2-d4e6-4346-8bbb-45922e73f5ed.png?v=1755077346 | https://gamesir.com/cdn/shop/files/01_eeb0fbbf-7749-49d8-af74-76d49c5713fa.png?v=1755258071 | https://gamesir.com/cdn/shop/files/1-2_cd5d2fe7-2868-460a-b382-c506a5eeba4b.png?v=1755077372 | https://gamesir.com/cdn/shop/files/02_f06750fb-f4b4-4ca7-9610-d536a9db89c1.png?v=1755258071 | https://gamesir.com/cdn/shop/files/1-3_c24568bd-5931-413a-b424-13ea07ef537a.png?v=1755077378 | https://gamesir.com/cdn/shop/files/03_25d481b4-ab18-416a-94c1-1f61045b6bd6.png?v=1755258071 | https://gamesir.com/cdn/shop/files/1-4_da0f0b73-455d-4d41-a4dd-fa74bf2d1c14.png?v=1755077411 | https://gamesir.com/cdn/shop/files/04_b63fdb4a-8ae5-4d3c-b375-300d05bb42d7.png?v=1755258071 | https://gamesir.com/cdn/shop/files/3_13287a01-ecc5-43af-89ab-7ffc1e225da3.png?v=1755242960 | https://gamesir.com/cdn/shop/files/05_b174bb46-e852-4a87-baf7-00e3755c8ccd.png?v=1755258071 | https://gamesir.com/cdn/shop/files/2_58b31012-90f2-4780-a137-bf7efa3dbdf6.png?v=1755242963 | https://gamesir.com/cdn/shop/files/4_e7dc225f-0b36-4fc5-93a0-d3771459455d.png?v=1755242957 | https://gamesir.com/cdn/shop/files/06_95efaeae-478b-4aa5-b30e-e12803a5c86c.png?v=1755258070 | https://gamesir.com/cdn/shop/files/5_f94346b9-06bb-43f9-bc1d-36dd7dfa5014.png?v=1755242961 | https://gamesir.com/cdn/shop/files/07_8765938c-732d-4a08-8db2-12cbd20b4eec.png?v=1755258071 | https://gamesir.com/cdn/shop/files/08_ba3bd985-af6c-4bdf-9fa4-893bdc2c8818.png?v=1755258071 | https://gamesir.com/cdn/shop/files/6_541dcbf8-f005-4631-b9a3-ed1b557f617e.png?v=1755242962 | https://gamesir.com/cdn/shop/files/09_d37247f3-84d5-4ff0-b905-606d51cddf7b.png?v=1755258071 | https://gamesir.com/cdn/shop/files/8_4806922e-996c-4af7-b27c-bdf6fb36ad7e.png?v=1755242960 | https://gamesir.com/cdn/shop/files/10_d63280ff-9c71-44d7-9e54-445f9df3b70f.png?v=1755258071 | https://gamesir.com/cdn/shop/files/11_20e228ab-3f0d-4bdf-8fad-d4013f725f4c.png?v=1755258071 | https://gamesir.com/cdn/shop/files/9_b2b70b5b-53a4-4ca2-8906-3685c8de2d8a.png?v=1755482766 | https://gamesir.com/cdn/shop/files/12_0869be65-a750-4812-9952-d94f418f5f9d.png?v=1755258070 | https://gamesir.com/cdn/shop/files/10_7e23e156-df04-4f3a-bb4b-bf6cffec2542.png?v=1755242957 | https://gamesir.com/cdn/shop/files/13_cf711e29-37db-438a-a0e6-1790084c246e.png?v=1755258070 | https://gamesir.com/cdn/shop/files/11_6c92b828-9fc9-4d03-98dc-056f35fc18b5.png?v=1755242957 | https://gamesir.com/cdn/shop/files/12_c6d73cbf-8530-42d3-a1fc-1a1db1bbd457.png?v=1755242958 | https://gamesir.com/cdn/shop/files/626b9b6886075081b16840ac10c50041.png?v=1736850234&width=760,https://gamesir.com/es/collections/all-products-1/products/gamesir-g7-pro-wuchang-wireless-controller
GameSir G7 Pro 8K PC - Royal2 Edition.  Wireless Esports Controller for PC,Precio regular $89.99 USD,Disponible,,"Key Features: Inspired by Halo legendary player - Royal2 Its deep black finish, meticulously dotted with a stardust galaxy pattern, captures the infinite scope of Halo battles and Royal2's calm precision under pressure. Resting on its sleek black charging base, centered by a gleaming golden crown logo, the controller feels like a relic from a lost space-faring kingdom, symbolizing a lasting legacy. On the right grip, Royal2's signature, rendered in hot gold stamping, serves as a legendary seal, a pledge of dominance. This isn't just a controller; it's a cosmic scepter for the true champion. 8K Hz Wired and 2.4G Wireless Polling With an 8000Hz polling rate over both wired and 2.4G wireless connections, the G7 Pro 8K PC Royal2 Edition delivers smoother control and instant response, ensuring every input is registered with esports-grade precision. GameSir Mag-Res™ TMR Sticks Gen-2 Designed for pro-level performance, the Gen-2 TMR sticks still use magnetic technology to eliminate physical contact, delivering long-lasting anti-stick drift reliability. At the same time, they offer smoother, more linear control and ultra-low power consumption, providing precise and responsive gameplay for competitive gamers. Dual-Mode Trigger Stops The G7 Pro 8K PC Royal2 Edition features dual-mode trigger stops, letting you switch effortlessly between Hall Effect analog triggers and micro switch triggers. Precision-tuned Hall Effect analog triggers deliver smooth, linear input for accurate control, while clicky micro switch triggers provide instant response. Whether you need precise linear control or ultimate responsiveness, it gives you the competitive edge. Four Remappable Macro Buttons Including two lockable back buttons and two mini bumpers, each supporting up to 32-step macro recording, giving gamers advanced customization and faster in-game execution. Ultra-Fast Actuation Buttons Experience esports-grade responsiveness with optical micro switch ABXY buttons, offering instant actuation and long-lasting durability. The mechanical micro switch D-pad delivers precise and reliable directional input. Motion Control Built-in 6-axis gyroscope enhances aiming accuracy and fine control, offering greater flexibility for competitive and immersive gameplay. Dual Asymmetric Rumble Motors Featuring dual asymmetric motors in the grips, the G7 Pro 8K PC Royal2 Edition delivers immersive and realistic vibration feedback, letting you feel every crash, hit, and explosion as if it were happening in your hands. Equipped with an instant start-stop circuit, the motors stop and start faster, producing clearer and more precise vibrations for a heightened gaming experience. 3.5mm Audio Support The G7 Pro 8K PC Royal2 Edition supports 3.5mm audio output via both wired & 2.4G wireless connections, delivering a more convenient and immersive gaming experience. Esports-grade customization via GameSir Connect software Fully customize performance, button mapping, macros, and more through GameSir Connect software, designed for competitive-level control and personalization.","Working Platform: PC Connectivity: 2.4G wireless and USB-C wired Sticks: GameSir Mag-Res™ TMR Sticks Gen-2 Triggers: Hall Effect analog triggers with Micro Switch trigger stops ABXY: Optical Micro Switch D-pad: Mechanical Micro Switch Rumble Motors: Dual asymmetric motors in the grips, with instant start-stop circuit Macro Buttons: Four (R4/L4 back button and R5/L5 mini bumper) Back Button Latches: Yes 3.5mm Audio Jack: Yes, supported on both wired & 2.4G wireless Motion Control: Yes, 6-axis gyroscope Turbo: Yes, adjustable in three levels: 10Hz/20Hz/30Hz Battery: 1200mAh Charging Station: Included Customization Software: GameSir Connect Faceplate: Three-piece magnetic, swappable design, supporting customizable setups Product Size: 152*103*58mm/5.98*4.06*2.28in Net Weight: 272g/0.60lb Package Size:                        177*173*94mm / 6.97*6.81*3.70in Gross Weight: 782g / 1.72lbs Carton Size: (20pcs/carton): 490*375*380mm /19.29*14.76*14.96in Carton Weight: (20pcs/carton):  17.41kg / 38.39lbs","GameSir G7 Pro 8K PC - Royal2 Edition. Wireless Esports Controller for | Xbox Controllers | Mobile Controllers | Switch Controllers | PC Controllers | GameSir G7 Pro 8K PC - Royal2 Edition.  Wireless Esports Controller for PC | GameSir Mag-Res™ TMR Sticks Gen-2 | Esports-grade customization via GameSir Connect software | Fully customize performance, button mapping, macros, and more through GameSir Connect software, designed for competitive-level control and personalization. | Sticks: GameSir Mag-Res™ TMR Sticks Gen-2 | Customization Software: GameSir Connect | GameSir G7 Pro 8K PC - Roya... | Join GameSir Discord and seek quick answers from skillful players. | About GameSir | GameSir | GameSir App",https://gamesir.com/cdn/shop/t/64/assets/transparent.png?v=74725729134931200321767515786 | https://gamesir.com/cdn/shop/files/logo_1bbc21e8-a4b0-42a4-b29f-a48959045877.png?v=1737874858&width=600 | https://gamesir.com/cdn/shop/files/G7_Pro_Royal_2.png?v=1780660625&width=1206 | https://gamesir.com/cdn/shop/files/G7_Pro_Royal_2.png?v=1780660625&width=200 | https://gamesir.com/cdn/shop/files/1_3258eb8c-b5b9-4e83-9a50-cd195b1d77b7.png?v=1778660554 | https://gamesir.com/cdn/shop/files/1_1211686b-14e6-46da-a157-62a77c99226c.png?v=1778660737 | https://gamesir.com/cdn/shop/files/2_004ec739-939e-40ee-a4f1-0f7657cf2625.png?v=1778660557 | https://gamesir.com/cdn/shop/files/2_c9d8d2c5-8d4d-4d1d-96f3-f14594b3fa0d.png?v=1778660738 | https://gamesir.com/cdn/shop/files/3_a7958e16-cd38-4970-8b39-f409a6b24bb0.png?v=1778660558 | https://gamesir.com/cdn/shop/files/3_817355fb-f490-4077-aa5d-fe1146b8cd58.png?v=1778660743 | https://gamesir.com/cdn/shop/files/4_1925a060-b8f4-47b6-858a-0cae0d91d389.png?v=1778660559 | https://gamesir.com/cdn/shop/files/5_8d8f5399-ea52-4f8f-9c83-13fda54fd479.png?v=1778660563 | https://gamesir.com/cdn/shop/files/4_7b37ee7b-2e85-46f1-aa5a-77f7cc747175.png?v=1778660743 | https://gamesir.com/cdn/shop/files/6_6a689fa2-5809-4102-9f97-97105c7db113.png?v=1778660566 | https://gamesir.com/cdn/shop/files/5_50d955b7-9fcb-413e-a6a8-6a3b434009c5.png?v=1778660762 | https://gamesir.com/cdn/shop/files/7_4a60030d-4e3e-4408-af65-27dff33659d8.png?v=1778660570 | https://gamesir.com/cdn/shop/files/6_f9bfe990-4052-443d-a42f-88fd3257aad2.png?v=1778660749 | https://gamesir.com/cdn/shop/files/8_c248af99-6f1e-4b5b-abf4-1dd3b78f57fa.png?v=1778660570 | https://gamesir.com/cdn/shop/files/7_8ee90f59-8cfb-414b-9e0a-9a3e7ca92a6b.png?v=1778660751 | https://gamesir.com/cdn/shop/files/9_c132d442-7def-40fb-adc2-9eefb8b8295d.png?v=1778660571 | https://gamesir.com/cdn/shop/files/8_f7c1bd54-e397-4d45-b41c-3d76447cad14.png?v=1778660753 | https://gamesir.com/cdn/shop/files/10_bba18711-c092-45a2-887a-273489baadeb.png?v=1778660573 | https://gamesir.com/cdn/shop/files/9_aad2b652-b1f1-497f-9b0d-3ba524762d88.png?v=1778660756 | https://gamesir.com/cdn/shop/files/626b9b6886075081b16840ac10c50041.png?v=1736850234&width=760,https://gamesir.com/es/collections/all-products-1/products/gamesir-g7-pro-8k-pc-royal2-edition
GameSir G7 Pro 8K PC - Aimlabs Edition. Wireless Esports Controller for PC,Precio regular $89.99 USD,Disponible,,"Key Features: Aimlabs Officially Licensed Accessory In collaboration with Aimlabs, this controller combines the iconic cyan design with pro-level performance that meets their standards, making it an officially licensed Aimlabs accessory trusted by competitive gamers. 8K Hz Wired and 2.4G Wireless Polling With an 8000Hz polling rate over both wired and 2.4G wireless connections, the G7 Pro 8K PC delivers smoother control and instant response, ensuring every input is registered with esports-grade precision. GameSir Mag-Res™ TMR Sticks Gen-2 Designed for pro-level performance, the Gen-2 TMR sticks still use magnetic technology to eliminate physical contact, delivering long-lasting anti-stick drift reliability. At the same time, they offer smoother, more linear control and ultra-low power consumption, providing precise and responsive gameplay for competitive gamers. Dual-Mode Trigger Stops The G7 Pro 8K PC features dual-mode trigger stops, letting you switch effortlessly between Hall Effect analog triggers and micro switch triggers. Precision-tuned Hall Effect analog triggers deliver smooth, linear input for accurate control, while clicky micro switch triggers provide instant response. Whether you need precise linear control or ultimate responsiveness, it gives you the competitive edge. Four Remappable Macro Buttons Including two lockable back buttons and two mini bumpers, each supporting up to 32-step macro recording, giving gamers advanced customization and faster in-game execution. Ultra-Fast Actuation Buttons Experience esports-grade responsiveness with optical micro switch ABXY buttons, offering instant actuation and long-lasting durability. The mechanical micro switch D-pad delivers precise and reliable directional input. Motion Control Built-in 6-axis gyroscope enhances aiming accuracy and fine control, offering greater flexibility for competitive and immersive gameplay. Dual Asymmetric Rumble Motors Featuring dual asymmetric motors in the grips, the G7 Pro 8K PC delivers immersive and realistic vibration feedback, letting you feel every crash, hit, and explosion as if it were happening in your hands. Equipped with an instant start-stop circuit, the motors stop and start faster, producing clearer and more precise vibrations for a heightened gaming experience. 3.5mm Audio Support The G7 Pro 8K PC supports 3.5mm audio output via both wired & 2.4G wireless connections, delivering a more convenient and immersive gaming experience. Esports-grade customization via GameSir Connect software Fully customize performance, button mapping, macros, and more through GameSir Connect software, designed for competitive-level control and personalization.","TECH SPECS: Working Platform: PC Connectivity: Bluetooth, 2.4G wireless and USB-C wired Sticks: GameSir Mag-Res™ TMR Sticks Gen-2 Triggers: Hall Effect analog triggers with Micro Switch trigger stops ABXY: Optical Micro Switch D-pad: Mechanical Micro Switch Rumble Motors: Dual asymmetric motors in the grips, with instant start-stop circuit Macro Buttons: Four (R4/L4 back button and R5/L5 mini bumper) Back Button Latches: Yes 3.5mm Audio Jack: Yes, supported on both wired & 2.4G wireless Motion Control: Yes, 6-axis gyroscope Turbo: Yes, adjustable in three levels: 10Hz/20Hz/30Hz Battery: 1200mAh Charging Station: Included Customization Software: GameSir Connect Faceplate: Three-piece magnetic, swappable design, supporting customizable setups Product Size: 152*103*58mm/5.98*4.06*2.28in Net Weight: 392g/0.86lbs","GameSir G7 Pro - Aimlabs Edition | Xbox Controllers | Mobile Controllers | Switch Controllers | PC Controllers | GameSir G7 Pro 8K PC - Aimlabs Edition. Wireless Esports Controller for PC | GameSir Mag-Res™ TMR Sticks Gen-2 | Esports-grade customization via GameSir Connect software | Fully customize performance, button mapping, macros, and more through GameSir Connect software, designed for competitive-level control and personalization. | Sticks: GameSir Mag-Res™ TMR Sticks Gen-2 | Customization Software: GameSir Connect | GameSir G7 Pro 8K PC - Aiml... | Join GameSir Discord and seek quick answers from skillful players. | About GameSir | GameSir | GameSir App",https://gamesir.com/cdn/shop/t/64/assets/transparent.png?v=74725729134931200321767515786 | https://gamesir.com/cdn/shop/files/logo_1bbc21e8-a4b0-42a4-b29f-a48959045877.png?v=1737874858&width=600 | https://gamesir.com/cdn/shop/files/G7_Pro_Aimlabs.png?v=1780660965&width=1206 | https://gamesir.com/cdn/shop/files/preview_images/c13924e8a6b246cb8d7f1808df43d771.thumbnail.0000000000_2048x.jpg?v=1778140839 | https://gamesir.com/cdn/shop/files/G7_Pro_Aimlabs.png?v=1780660965&width=200 | https://gamesir.com/cdn/shop/files/1_534c1eb9-1f6e-45fb-b552-53349f5301fb.png?v=1777272849 | https://gamesir.com/cdn/shop/files/1_bb4ba6b4-6c02-4377-8bad-1606de9e72ea.png?v=1777272881 | https://gamesir.com/cdn/shop/files/2_f50ed31e-8eec-47b9-8bbb-f41de3b9b1ac.png?v=1777272946 | https://gamesir.com/cdn/shop/files/2_64929e25-7a77-4f87-a388-6ae898d6c50a.png?v=1777272949 | https://gamesir.com/cdn/shop/files/3_9c75e6b6-3f7b-4eff-9941-2a5318532af6.png?v=1777272997 | https://gamesir.com/cdn/shop/files/3_5cce381f-e61c-473b-9035-1db634da5cf3.png?v=1777272982 | https://gamesir.com/cdn/shop/files/4_2f8084cf-4307-462b-8214-f91fc8923881.png?v=1777273550 | https://gamesir.com/cdn/shop/files/5_86cf3473-e453-4a64-b097-a4170972def8.png?v=1777272997 | https://gamesir.com/cdn/shop/files/4_852477a9-5f9f-4e39-9dd7-e21901c1ad7a.png?v=1777272995 | https://gamesir.com/cdn/shop/files/6_d35bbe54-a2c4-444c-b515-314fb9d2ada5.png?v=1777273628 | https://gamesir.com/cdn/shop/files/5_5bd84aae-c35c-4979-b74f-54a805077384.png?v=1777273625 | https://gamesir.com/cdn/shop/files/7_07a7ae0c-5aba-43c0-bf52-994351b15dc5.png?v=1777273639 | https://gamesir.com/cdn/shop/files/6_0bd1cffa-3102-4d21-8f98-ce99fec22f1b.png?v=1777272998 | https://gamesir.com/cdn/shop/files/8_532866c1-89a6-48e3-afe1-f6e222508a0f.png?v=1777273650 | https://gamesir.com/cdn/shop/files/7_a4d23cc9-8104-4f68-8e6a-a4273ee4c9b1.png?v=1777273648 | https://gamesir.com/cdn/shop/files/9_072e61fe-a044-42e7-b30c-17f572101eac.png?v=1777273661 | https://gamesir.com/cdn/shop/files/8_881f5001-d1f2-439d-9f7f-a6bee3837b40.png?v=1777273659 | https://gamesir.com/cdn/shop/files/10_96f643b8-31b2-415d-a60f-efcef6c27d2f.png?v=1777273667 | https://gamesir.com/cdn/shop/files/9_9ead68a4-aaf6-441a-a732-1e1897ce0073.png?v=1777273665 | https://gamesir.com/cdn/shop/files/626b9b6886075081b16840ac10c50041.png?v=1736850234&width=760,https://gamesir.com/es/collections/all-products-1/products/gamesir-g7-pro-aimlabs-edition
GameSir G7 Pro 8K PC-Champion Edition. Wireless  Esports Controller for PC,Precio regular $89.99 USD,Disponible,,"Key Features: Champion Edition - Inspired by World Fighting Game Champion XiaoHai Inspired by our brand ambassador and world fighting game champion XiaoHai, this edition features a striking black & gold palette. The charging station showcases the 2024 & 2025 EWC trophy icons, while XiaoHai’s signature adorns the right grip. The D-pad is printed with the EWC personalized triangular key, completing a design made for champions. 8K Hz Wired and 2.4G Wireless Polling With an 8000Hz polling rate over both wired and 2.4G wireless connections, the G7 Pro 8K PC delivers smoother control and instant response, ensuring every input is registered with esports-grade precision. GameSir Mag-Res™ TMR Sticks Gen-2 Designed for pro-level performance, the Gen-2 TMR sticks still use magnetic technology to eliminate physical contact, delivering long-lasting anti-stick drift reliability. At the same time, they offer smoother, more linear control and ultra-low power consumption, providing precise and responsive gameplay for competitive gamers. Dual-Mode Trigger Stops The G7 Pro 8K PC features dual-mode trigger stops, letting you switch effortlessly between Hall Effect analog triggers and micro switch triggers. Precision-tuned Hall Effect analog triggers deliver smooth, linear input for accurate control, while clicky micro switch triggers provide instant response. Whether you need precise linear control or ultimate responsiveness, it gives you the competitive edge. Four Remappable Macro Buttons Including two lockable back buttons and two mini bumpers, each supporting up to 32-step macro recording, giving gamers advanced customization and faster in-game execution. Ultra-Fast Actuation Buttons Experience esports-grade responsiveness with optical micro switch ABXY buttons, offering instant actuation and long-lasting durability. The mechanical micro switch D-pad delivers precise and reliable directional input. Motion Control Built-in 6-axis gyroscope enhances aiming accuracy and fine control, offering greater flexibility for competitive and immersive gameplay. Dual Asymmetric Rumble Motors Featuring dual asymmetric motors in the grips, the G7 Pro 8K PC delivers immersive and realistic vibration feedback, letting you feel every crash, hit, and explosion as if it were happening in your hands. Equipped with an instant start-stop circuit, the motors stop and start faster, producing clearer and more precise vibrations for a heightened gaming experience. 3.5mm Audio Support The G7 Pro 8K PC supports 3.5mm audio output via both wired & 2.4G wireless connections, delivering a more convenient and immersive gaming experience. Esports-grade customization via GameSir Connect software Fully customize performance, button mapping, macros, and more through GameSir Connect software, designed for competitive-level control and personalization.","TECH SPECS: Working Platform: PC Connectivity: 2.4G wireless and USB-C wired Sticks: GameSir Mag-Res™ TMR Sticks Gen-2 Triggers: Hall Effect analog triggers with Micro Switch trigger stops ABXY: Optical Micro Switch D-pad: Mechanical Micro Switch Rumble Motors: Dual asymmetric motors in the grips, with instant start-stop circuit Macro Buttons: Four (R4/L4 back button and R5/L5 mini bumper) Back Button Latches: Yes 3.5mm Audio Jack: Yes, supported on both wired & 2.4G wireless Motion Control: Yes, 6-axis gyroscope Turbo: Yes, adjustable in three levels: 10Hz/20Hz/30Hz Battery: 1200mAh Charging Station: Included Customization Software: GameSir Connect Faceplate: Three-piece magnetic, swappable design, supporting customizable setups Product Size: 152*103*58mm/5.98*4.06*2.28in Net Weight: 392g/0.86lbs Package Size: 177*173*94mm / 6.97*6.81*3.70in Gross Weight: 792g / 1.75lbs","GameSir G7 Pro 8K PC-Champion Edition | Esports Controller for PC | Xbox Controllers | Mobile Controllers | Switch Controllers | PC Controllers | GameSir G7 Pro 8K PC-Champion Edition. Wireless  Esports Controller for PC | GameSir Mag-Res™ TMR Sticks Gen-2 | Esports-grade customization via GameSir Connect software | Fully customize performance, button mapping, macros, and more through GameSir Connect software, designed for competitive-level control and personalization. | Sticks: GameSir Mag-Res™ TMR Sticks Gen-2 | Customization Software: GameSir Connect | GameSir G7 Pro 8K PC-Champi... | Join GameSir Discord and seek quick answers from skillful players. | About GameSir | GameSir | GameSir App",https://gamesir.com/cdn/shop/t/64/assets/transparent.png?v=74725729134931200321767515786 | https://gamesir.com/cdn/shop/files/logo_1bbc21e8-a4b0-42a4-b29f-a48959045877.png?v=1737874858&width=600 | https://gamesir.com/cdn/shop/files/G7_Pro_d01f1a55-0703-4225-ba70-8a6a76da7bf5.png?v=1780660809&width=1206 | https://gamesir.com/cdn/shop/files/G7_Pro_d01f1a55-0703-4225-ba70-8a6a76da7bf5.png?v=1780660809&width=200 | https://gamesir.com/cdn/shop/files/1_c6dec034-4e5f-48d3-9bc7-eaf4cb202354.png?v=1775128981 | https://gamesir.com/cdn/shop/files/1_2fb21048-576e-48e2-aa76-7129e23d3a3a.png?v=1775129058 | https://gamesir.com/cdn/shop/files/xiaohai.png?v=1778150653 | https://gamesir.com/cdn/shop/files/2_e938b5b2-ff16-4e0d-b6ff-9bac35bc8ffb.png?v=1775129054 | https://gamesir.com/cdn/shop/files/3_98a5d0a9-148a-4891-b62a-dad566e4eaa7.png?v=1775128968 | https://gamesir.com/cdn/shop/files/3_cf29e1d1-aaf2-49e9-bdb7-57af47e2ef4a.png?v=1775129055 | https://gamesir.com/cdn/shop/files/4_d13785df-5ca9-44cf-bf7e-5a96708d0bd1.png?v=1775128949 | https://gamesir.com/cdn/shop/files/5_a24eec3e-0f81-4beb-bc1b-091e0077a648.png?v=1775128959 | https://gamesir.com/cdn/shop/files/4_ca6e2aeb-7899-4bac-b973-c44d23964c9e.png?v=1775129041 | https://gamesir.com/cdn/shop/files/6_1_0d710b91-b148-4fc3-92c7-8dc077bd9b21.png?v=1776935321 | https://gamesir.com/cdn/shop/files/5_80a424aa-85d0-4dbe-8d16-fe4d1461f6b8.png?v=1776935323 | https://gamesir.com/cdn/shop/files/7_95f18c7c-bc85-4cdc-bad0-d0b2c2cfd640.png?v=1775128978 | https://gamesir.com/cdn/shop/files/6_1ba01ddb-f95e-4b57-8ea7-182d96a3b9ff.png?v=1775129056 | https://gamesir.com/cdn/shop/files/8_4efeb8ee-51ee-4ab0-aae7-ab16108a76e4.png?v=1775128970 | https://gamesir.com/cdn/shop/files/7_d6676e30-316e-41fe-b684-4ec899cbd19d.png?v=1775129055 | https://gamesir.com/cdn/shop/files/9_3ddb5ff0-5502-4a28-be76-6ba15f203331.png?v=1775128964 | https://gamesir.com/cdn/shop/files/8_35ae6151-db48-4c7f-ab9a-a7aa88b9a367.png?v=1775129050 | https://gamesir.com/cdn/shop/files/10_6ce2f4a1-3fd2-4aa5-bc90-234a165d6966.png?v=1777287966 | https://gamesir.com/cdn/shop/files/9_493c06ea-2441-4087-b865-a09c7b6e1f94.png?v=1777287969 | https://gamesir.com/cdn/shop/files/11_2eec88d8-1dc8-4316-b225-33e83315fd19.png?v=1775128977 | https://gamesir.com/cdn/shop/files/10_48a79452-b3a5-4f94-befd-3d12894addf7.png?v=1775129053 | https://gamesir.com/cdn/shop/files/626b9b6886075081b16840ac10c50041.png?v=1736850234&width=760,https://gamesir.com/es/collections/all-products-1/products/gamesir-g7-pro-8k-pc-champion-edition
GameSir G7 Pro 8K PC - Nioh 3 Edition. Wireless Esports Controller for PC,Precio regular $89.99 USD,Disponible,,"Key Features: GameSir × Nioh 3 Official Collaboration In collaboration with Nioh 3 , the epic action RPG, this controller is inspired by the iconic Living Weapon state. The deep black armor on the grips embodies the awakened battle form, while radiant gold accents visualize a surge of spiritual energy. More than just a controller, it’s your trusted companion on the journey to conquer the Crucible. 8K Hz Wired and 2.4G Wireless Polling With an 8000Hz polling rate over both wired and 2.4G wireless connections, the G7 Pro 8K PC delivers smoother control and instant response, ensuring every input is registered with esports-grade precision. GameSir Mag-Res™ TMR Sticks Gen-2 Designed for pro-level performance, the Gen-2 TMR sticks still use magnetic technology to eliminate physical contact, delivering long-lasting anti-stick drift reliability. At the same time, they offer smoother, more linear control and ultra-low power consumption, providing precise and responsive gameplay for competitive gamers. Dual-Mode Trigger Stops The G7 Pro 8K PC features dual-mode trigger stops, letting you switch effortlessly between Hall Effect analog triggers and micro switch triggers. Precision-tuned Hall Effect analog triggers deliver smooth, linear input for accurate control, while clicky micro switch triggers provide instant response. Whether you need precise linear control or ultimate responsiveness, it gives you the competitive edge. Four Remappable Macro Buttons Including two lockable back buttons and two mini bumpers, each supporting up to 32-step macro recording, giving gamers advanced customization and faster in-game execution. Ultra-Fast Actuation Buttons Experience esports-grade responsiveness with optical micro switch ABXY buttons, offering instant actuation and long-lasting durability. The mechanical micro switch D-pad delivers precise and reliable directional input. Motion Control Built-in 6-axis gyroscope enhances aiming accuracy and fine control, offering greater flexibility for competitive and immersive gameplay. Dual Asymmetric Rumble Motors Featuring dual asymmetric motors in the grips, the G7 Pro 8K PC delivers immersive and realistic vibration feedback, letting you feel every crash, hit, and explosion as if it were happening in your hands. Equipped with an instant start-stop circuit, the motors stop and start faster, producing clearer and more precise vibrations for a heightened gaming experience. 3.5mm Audio Support The G7 Pro 8K PC supports 3.5mm audio output via both wired & 2.4G wireless connections, delivering a more convenient and immersive gaming experience. Esports-grade customization via GameSir Connect software Fully customize performance, button mapping, macros, and more through GameSir Connect software, designed for competitive-level control and personalization.","TECH SPECS: Working Platform: PC Connectivity: Bluetooth, 2.4G wireless and USB-C wired Sticks: GameSir Mag-Res™ TMR Sticks Gen-2 Triggers: Hall Effect analog triggers with Micro Switch trigger stops ABXY: Optical Micro Switch D-pad: Mechanical Micro Switch Rumble Motors: Dual asymmetric motors in the grips, with instant start-stop circuit Macro Buttons: Four (R4/L4 back button and R5/L5 mini bumper) Back Button Latches: Yes 3.5mm Audio Jack: Yes, supported on both wired & 2.4G wireless Motion Control: Yes, 6-axis gyroscope Turbo: Yes, adjustable in three levels: 10Hz/20Hz/30Hz Battery: 1200mAh Charging Station: Included Customization Software: GameSir Connect Faceplate: Three-piece magnetic, swappable design, supporting customizable setups Product Size: 152*103*58mm/5.98*4.06*2.28in Net Weight: 392g/0.86lbs","GameSir G7 Pro -Nioh 3 Edition | Xbox Controllers | Mobile Controllers | Switch Controllers | PC Controllers | GameSir G7 Pro 8K PC - Nioh 3 Edition. Wireless Esports Controller for PC | GameSir × | GameSir Mag-Res™ TMR Sticks Gen-2 | Esports-grade customization via GameSir Connect software | Fully customize performance, button mapping, macros, and more through GameSir Connect software, designed for competitive-level control and personalization. | Sticks: GameSir Mag-Res™ TMR Sticks Gen-2 | Customization Software: GameSir Connect | GameSir G7 Pro 8K PC - Nioh... | Join GameSir Discord and seek quick answers from skillful players. | About GameSir | GameSir | GameSir App",https://gamesir.com/cdn/shop/t/64/assets/transparent.png?v=74725729134931200321767515786 | https://gamesir.com/cdn/shop/files/logo_1bbc21e8-a4b0-42a4-b29f-a48959045877.png?v=1737874858&width=600 | https://gamesir.com/cdn/shop/files/G7_Pro_3.png?v=1780660938&width=1206 | https://gamesir.com/cdn/shop/files/G7_Pro_3.png?v=1780660938&width=200 | https://gamesir.com/cdn/shop/files/1920__01.png?v=1770783551 | https://gamesir.com/cdn/shop/files/1_20efe9d8-6dfd-4f2d-9200-077163e35aaf.png?v=1770783565 | https://gamesir.com/cdn/shop/files/1920__02.png?v=1770783552 | https://gamesir.com/cdn/shop/files/2_89757b78-041f-48b0-a343-8e4d25f50a19.png?v=1770783564 | https://gamesir.com/cdn/shop/files/1920__03.png?v=1770783550 | https://gamesir.com/cdn/shop/files/3_ba4fba16-6c8d-4631-82ee-eb053477ecd6.png?v=1770783564 | https://gamesir.com/cdn/shop/files/1920__04.png?v=1770783551 | https://gamesir.com/cdn/shop/files/4_bd733cd3-e271-49fc-b62b-8cc7264e1426.png?v=1770783565 | https://gamesir.com/cdn/shop/files/1920__05.png?v=1770783546 | https://gamesir.com/cdn/shop/files/5_48d2b8b1-ef2f-4c9b-a435-8ff62d603346.png?v=1770783564 | https://gamesir.com/cdn/shop/files/1920__06.png?v=1770783552 | https://gamesir.com/cdn/shop/files/6_95d057b4-4131-4d13-bfc0-63166400111a.png?v=1770783564 | https://gamesir.com/cdn/shop/files/1920__07.png?v=1770783551 | https://gamesir.com/cdn/shop/files/7_a6e237f2-b580-404a-b107-7e725e8ef232.png?v=1770783570 | https://gamesir.com/cdn/shop/files/1920__08.png?v=1770783544 | https://gamesir.com/cdn/shop/files/8_3f0f0a2a-184b-4079-a4eb-480828122520.png?v=1770783568 | https://gamesir.com/cdn/shop/files/1920__09.png?v=1770783545 | https://gamesir.com/cdn/shop/files/9_bff611b2-abdf-4c86-8f87-9166b47d4259.png?v=1770783569 | https://gamesir.com/cdn/shop/files/1920__10.png?v=1770783544 | https://gamesir.com/cdn/shop/files/10_badca3b0-c94f-42a5-a99f-8d09b4ff8398.png?v=1770783569 | https://gamesir.com/cdn/shop/files/1920__11.png?v=1770783550 | https://gamesir.com/cdn/shop/files/1920__12.png?v=1770783544 | https://gamesir.com/cdn/shop/files/626b9b6886075081b16840ac10c50041.png?v=1736850234&width=760,https://gamesir.com/es/collections/all-products-1/products/gamesir-g7-pro-8k-pc-nioh3-edition
"GameSir G7 Pro Tri-Mode Xbox Wired, PC & Mobile Wireless Controller - Golden Ombre",Precio regular $89.99 USD,No encontrado,,"Key Features: Tri-mode connectivity - Wired for Xbox, Wireless for PC, and Bluetooth for Android: The G7 Pro supports seamless connectivity across Xbox, PC, and Android. Effortlessly switch between modes using the convenient physical mode switch. Choose from Wired for Xbox; 2.4G & Wired for PC; Bluetooth for Android. * For wired connection, the detachable cable retainer ensures a stable and secure connection. GameSir Mag-Res™ TMR sticks, smooth control and ultra-long lifespan Hall Effect analog triggers, with clicky Micro Switch trigger stops Built-in gyroscope with mapping function (PC only) Enhance your control on PC with the built-in gyroscope, which allows you to map the gyroscope to the stick, buttons, or mouse. This enables more precise and intuitive gameplay. Four macro buttons for enhanced personalized control 1000Hz polling rate on PC via both wired & 2.4G connections Optical Micro Switch ABXY and Mechanical Micro Switch D-pad Three-part magnetic swappable faceplate and extra D-pad for free customization Four rumble motors for realistic and immersive haptic feedback Smart Auto Start-Stop Charging Station 3.5mm audio, supported via both wired & 2.4G wireless Upgraded software, lets you tailor the controller to your needs","TECH SPECS: Working Platform: Xbox Series X|S, Xbox One, PC, Android, Steam Connection: Wired for Xbox; 2.4G & Wired for PC; Bluetooth for Android Sticks: GameSir Mag-Res™ TMR sticks Triggers: Hall Effect analog triggers with Micro Switch trigger stops Buttons: Optical Micro Switch ABXY, Mechanical Micro Switch D-pad Rumble Motors: 4 Extra Buttons: 4 (R4/L4 back button and R5/L5 mini bumper) Back Button Latches: Yes 3.5mm Audio Jack: Yes, supported via both wired & 2.4G wireless Gyroscope: Yes (PC only) Battery: 1200mAh Charging Station: Included Software: GameSir Nexus Faceplate: Three-part magnetic swappable. * Compatible with the previous G7 series faceplates, but other G7 series controllers are not compatible with the G7 Pro’s faceplate. Included Accessories: Charging Station*1, Receiver*1, D-pad*2, Cable Retainer*1, 3m Type-C Cable*1 Product Size: 152*103*58mm/5.98*4.06*2.28in Net Weight: 272g/0.60lbs Package Size: 177*173*94mm / 6.97*6.81*3.70in Gross Weight: 782g / 1.72lbs Carton Size: (20pcs/carton): 490*375*380mm / 19.29*14.76*14.96in Carton Weight: (20pcs/carton): 17.41kg / 38.39lbs","GameSir G7 Pro Tri-Mode Xbox & PC Controller | Wireless Gaming | Xbox Controllers | Mobile Controllers | Switch Controllers | PC Controllers | GameSir G7 Pro | GameSir G7 Pro Tri-Mode Xbox Wired, PC & Mobile Wireless Controller - Golden Ombre | GameSir Mag-Res™ TMR sticks, smooth control and ultra-long lifespan | Sticks: GameSir Mag-Res™ TMR sticks | Software: GameSir Nexus | Join GameSir Discord and seek quick answers from skillful players. | About GameSir | GameSir | GameSir App",https://gamesir.com/cdn/shop/t/64/assets/transparent.png?v=74725729134931200321767515786 | https://gamesir.com/cdn/shop/files/logo_1bbc21e8-a4b0-42a4-b29f-a48959045877.png?v=1737874858&width=600 | https://gamesir.com/cdn/shop/files/1_1_2495bee3-777a-4efc-a3d2-e70ef58e6c45.png?v=1770365616&width=1206 | https://gamesir.com/cdn/shop/files/1_b4c0dd11-cf13-443d-b90e-1622c2309dfc.png?v=1770366139 | https://gamesir.com/cdn/shop/files/hero_image_2a9ea9b8-3265-4b71-9cee-61cb53d88830.png?v=1770366175 | https://gamesir.com/cdn/shop/files/2_1518411e-5bad-44c4-9122-eae438d8ea1f.png?v=1770366135 | https://gamesir.com/cdn/shop/files/2_65917a69-8846-44ec-ade3-884b5ea113ae.png?v=1770366174 | https://gamesir.com/cdn/shop/files/3_0c7ed328-96c2-4660-9f1f-ba850b0080e6.png?v=1770366123 | https://gamesir.com/cdn/shop/files/3_c8528ee0-14b2-447d-80f1-425a32982f6f.png?v=1770366174 | https://gamesir.com/cdn/shop/files/4_a1a744d9-9eea-428e-9524-10342003fd21.png?v=1770366095 | https://gamesir.com/cdn/shop/files/4_b468dc23-ef63-42fa-bdaa-a77ab7f1cdce.png?v=1770366175 | https://gamesir.com/cdn/shop/files/5_7a042c91-2f86-4c91-aa02-7724e9eeb45a.png?v=1770366116 | https://gamesir.com/cdn/shop/files/5_1bfd881d-6f3a-4dcb-9a10-afc8eef5c8fb.png?v=1770366174 | https://gamesir.com/cdn/shop/files/6_cbde7f02-a8e2-4a50-abb2-a300a856befa.png?v=1770366122 | https://gamesir.com/cdn/shop/files/7_d63bb3b2-0eb0-4744-9dfd-7455674738c7.png?v=1770366138 | https://gamesir.com/cdn/shop/files/8_90d1e0ba-5412-4b7e-a33d-e5ca699a101e.png?v=1770366139 | https://gamesir.com/cdn/shop/files/6_e4dbeba7-5859-4e10-be90-35aec86d9e1a.png?v=1770366176 | https://gamesir.com/cdn/shop/files/9_3dac8cc9-9f65-4e5d-a746-2bb146b51d04.png?v=1770366128 | https://gamesir.com/cdn/shop/files/8_a9fd5fa5-dfd1-420f-ab42-2ffe096bd258.png?v=1770366176 | https://gamesir.com/cdn/shop/files/10_71e3e573-e06d-40a0-91d2-1bc1b91e5c31.png?v=1770366126 | https://gamesir.com/cdn/shop/files/9_fb7e5e01-a449-4b7f-8acb-6063bd8e6735.png?v=1770366174 | https://gamesir.com/cdn/shop/files/11_45e49a3a-79af-439c-af70-34859852f429.png?v=1770366116 | https://gamesir.com/cdn/shop/files/10_7e20a180-8809-4556-9199-aa74caa33b1a.png?v=1770366174 | https://gamesir.com/cdn/shop/files/12_71f85d79-4d9f-4959-984c-89a6059152b6.png?v=1770366117 | https://gamesir.com/cdn/shop/files/7_34f5381c-ff73-4c06-9416-1651d4c11172.png?v=1770366176 | https://gamesir.com/cdn/shop/files/626b9b6886075081b16840ac10c50041.png?v=1736850234&width=760,https://gamesir.com/es/collections/all-products-1/products/gamesir-g7-pro-tri-mode-xbox-wired-pc-mobile-wireless-controller-golden-ombre
GameSir Nova 2 Lite Multiplatform Wireless Game Controller,Precio regular $34.99 USD,Disponible,Luminous White; Midnight Gray,"Key Features: Tri-mode connectivity for multi-platform compatibility GameSir™ Hall Effect sensing sticks - anti-drift and ultra-durable Precision-tuned Hall Effect triggers with trigger stops Mechanical circular D-pad for responsive inputs 1000Hz polling rate for wired and wireless dongle connections Ultra-low button and stick latency for instant response Dual asymmetric motors for immersive gameplay Two back buttons, supporting both single button mapping and macro recording Smart auto start-stop charging station support- The Nova 2 Lite comes with a built-in 600mAh battery and supports a smart auto start-stop charging station (not included, sold separately; compatible with the Super Nova’s charging station) . Simply pick up the controller to start playing, and when you're done, place it back on the station to recharge. Full customization via GameSir Connect app and GameSir app","Working Platform: Switch, PC, Android and iOS Connection: Bluetooth, wireless dongle (included) and wired Sticks: GameSir™ Hall Effect sticks Triggers: Hall Effect triggers with trigger stops ABXY Buttons: Membrane D-pad: Mechanical circular D-pad Rumble Motor: Dual asymmetric motors Back Button: Two macro back buttons 6-axis Gyroscope: No Battery: 600mAh Grips: Anti-slip laser-textured grips Charging Station: Not included; sold separately; compatible with the Super Nova’s charging station Customization Software: GameSir Connect app for PC; GameSir app for mobile Color: Luminous White; Midnight Gray Product Size: 155*104*57mm/6.10*4.09*2.24in Net Weight: 225g/0.50lbs Package Size: 159*150*63mm / 6.26*5.91*2.48in Gross Weight: 440g / 0.97lbs Carton Size: (30pcs/carton): 495*335*335mm / 19.49*13.19*13.19in Carton Weight: (30pcs/carton): 14.8kg / 32.63lbs",GameSir Nova 2 Lite Wireless Controller for Multiplatform Gaming | Xbox Controllers | Mobile Controllers | Switch Controllers | PC Controllers | GameSir Nova 2 Lite Multiplatform Wireless Game Controller | GameSir™ Hall Effect sensing sticks - anti-drift and ultra-durable | Full customization via GameSir Connect app and GameSir app | Sticks: GameSir™ Hall Effect sticks | Customization Software: GameSir Connect app for PC; GameSir app for mobile | GameSir Nova 2 Lite Multipl... | Join GameSir Discord and seek quick answers from skillful players. | About GameSir | GameSir | GameSir App,https://gamesir.com/cdn/shop/t/64/assets/transparent.png?v=74725729134931200321767515786 | https://gamesir.com/cdn/shop/files/logo_1bbc21e8-a4b0-42a4-b29f-a48959045877.png?v=1737874858&width=600 | https://gamesir.com/cdn/shop/files/2_4a2683e1-889c-46b8-b96b-c741f1d500c6.png?v=1755848644&width=1206 | https://gamesir.com/cdn/shop/files/2_4a2683e1-889c-46b8-b96b-c741f1d500c6.png?v=1755848644&width=200 | https://gamesir.com/cdn/shop/files/1_98206097-dca7-4eda-b4d1-890d392877b9.png?v=1755851316 | https://gamesir.com/cdn/shop/files/1_e31208b1-c8a0-4f16-8ccd-ad495647e928.png?v=1755853049 | https://gamesir.com/cdn/shop/files/2_5a34e619-16f2-4c62-b6a3-a10f8d1be0ff.png?v=1748246133 | https://gamesir.com/cdn/shop/files/2_9e342cd8-838c-40fd-b5b3-14e446302862.png?v=1748246148 | https://gamesir.com/cdn/shop/files/3_df8a4c12-633c-4609-b8e1-13fa8921356d.png?v=1748246137 | https://gamesir.com/cdn/shop/files/3_dc35037b-a34a-472b-b03a-e75d2378d9da.png?v=1748246148 | https://gamesir.com/cdn/shop/files/4_b3143bfe-ac67-424a-9ec6-2ec1f7eb4913.png?v=1748246138 | https://gamesir.com/cdn/shop/files/4_b5572b12-d8a4-407a-889a-8048c1afadf2.png?v=1748246148 | https://gamesir.com/cdn/shop/files/6_f7bc687f-2d09-4333-94f1-f917d9c420e6.png?v=1755851616 | https://gamesir.com/cdn/shop/files/6_1891d7f2-ec6d-4be1-bc55-f0cdfe0599d4.png?v=1755853050 | https://gamesir.com/cdn/shop/files/5_6d5464d9-ea3f-4b57-abc3-1f146d008d94.png?v=1755851745 | https://gamesir.com/cdn/shop/files/5_8434ec56-15db-4f4c-a0e3-7657ed4439c1.png?v=1755852987 | https://gamesir.com/cdn/shop/files/7_37fa81f4-4e6d-4063-a8cf-61aff8a42b6b.png?v=1748246138 | https://gamesir.com/cdn/shop/files/7_d0f8dbdc-0c22-4e44-b709-05aaf453990d.png?v=1748246149 | https://gamesir.com/cdn/shop/files/8_5dead112-e642-4c63-baaa-5fd17951d203.png?v=1748246137 | https://gamesir.com/cdn/shop/files/8_80dd6a74-d6e8-48e3-a657-7995a825ee0a.png?v=1748246148 | https://gamesir.com/cdn/shop/files/9_6560d64b-f14b-4ff7-89ef-770c3cc1c8f3.png?v=1748246138 | https://gamesir.com/cdn/shop/files/9_a4a4b1ce-5476-473e-912c-ea8e191c0766.png?v=1748246149 | https://gamesir.com/cdn/shop/files/10_5bd11b1c-e7fa-4b78-b551-6785e3c99861.png?v=1748246138 | https://gamesir.com/cdn/shop/files/10_35cb28c4-3d8e-413f-b88e-af399e655f8d.png?v=1748246148 | https://gamesir.com/cdn/shop/files/11_1086cb7c-9830-4f34-97a7-d732614a4d78.png?v=1748246137 | https://gamesir.com/cdn/shop/files/11_021470e6-76c8-4182-a304-a42e8ae05e45.png?v=1748246148 | https://gamesir.com/cdn/shop/files/626b9b6886075081b16840ac10c50041.png?v=1736850234&width=760,https://gamesir.com/es/collections/all-products-1/products/gamesir-nova-2-lite
GameSir T7 Pro Floral Wired Controller for Xbox,Precio regular $49.99 USD,Disponible,,"Key Features: Versatile Compatibility: Xbox Series X|S, Xbox One, Windows 10/11 and Steam Striking Aesthetic Design GameSir™ Anti-Drift Hall Effect Sticks Hall Effect Analog Triggers, with 2-Stage Trigger Stops Two Back Buttons Realistic and Subtle Vibration Ergonomic Comfort with Textured Surface 3.5mm Headphone Jack Software Customization via GameSir Nexus","Working Platform: Xbox Series X|S, Xbox One, Windows 10/11 and Steam Connection: Wired, 3m detachable USB-C cable Sticks: GameSir™ Hall Effect sticks Triggers: Hall Effect analog triggers, with 2-stage trigger stops ABXY Buttons: Membrane D-pad: Membrane Rumble Motors: 4, in each grip and trigger Back Buttons: 2 Grips: Laser-engraved textured grips 3.5mm Audio Jack: Yes RGB Lighting: Yes Software: GameSir Nexus Battery: No Product Size: 145*93*59 mm / 5.71*3.66*2.32 in Net Weight: 217 g / 0.48 lbs Package Size: 162*137*72 mm / 6.38*5.39*2.83 in Gross Weight: 400 g / 0.88 lbs Carton Size (20pcs/carton): 379*339*313 mm / 14.92*13.35*12.32 in Carton Weight (20pcs/carton): 9.1 kg / 20.06 lbs",GameSir T7 Pro Floral Wired Controller for Xbox/PC/Steam | Xbox Controllers | Mobile Controllers | Switch Controllers | PC Controllers | GameSir T7 Pro Floral Wired Controller for Xbox | GameSir™ Anti-Drift Hall Effect Sticks | Software Customization via GameSir Nexus | Sticks: GameSir™ Hall Effect sticks | Software: GameSir Nexus | GameSir T7 Pro Floral Wired... | Join GameSir Discord and seek quick answers from skillful players. | About GameSir | GameSir | GameSir App,https://gamesir.com/cdn/shop/t/64/assets/transparent.png?v=74725729134931200321767515786 | https://gamesir.com/cdn/shop/files/logo_1bbc21e8-a4b0-42a4-b29f-a48959045877.png?v=1737874858&width=600 | https://gamesir.com/cdn/shop/files/2_a1490b6e-6205-4ed6-bc81-23e413d159f1.png?v=1759482645&width=1206 | https://gamesir.com/cdn/shop/files/2_a1490b6e-6205-4ed6-bc81-23e413d159f1.png?v=1759482645&width=200 | https://gamesir.com/cdn/shop/files/1_4b4d838f-df11-4496-9b00-58ca61ce5193.png?v=1747123466 | https://gamesir.com/cdn/shop/files/1_e3c4c63c-dd6b-42bc-b7a0-2dab97d12071.png?v=1747123644 | https://gamesir.com/cdn/shop/files/2_08703304-7d9b-43dd-b277-0de66f61c8fc.png?v=1747123471 | https://gamesir.com/cdn/shop/files/2_546513c5-d148-40a5-9d6e-ddbdaedf684f.png?v=1747123643 | https://gamesir.com/cdn/shop/files/3_8131efd6-894b-4b81-acda-dfcb8bb295df.png?v=1747123473 | https://gamesir.com/cdn/shop/files/3_4f377ba3-f28d-4742-a83a-7580fdb8972e.png?v=1747123644 | https://gamesir.com/cdn/shop/files/4_13e59d83-3377-4ef3-836e-ce0a688f8f6c.png?v=1747123473 | https://gamesir.com/cdn/shop/files/4_972041b8-ca28-4075-bb17-5d01d85f3fc2.png?v=1747123644 | https://gamesir.com/cdn/shop/files/5_38d96fa1-fce0-429a-898c-b81a7c390d8e.png?v=1747123472 | https://gamesir.com/cdn/shop/files/5_78ccdccc-9f41-4bb5-9e10-6a945b050da1.png?v=1747123643 | https://gamesir.com/cdn/shop/files/6_2631a95f-66b8-464c-9388-6e1cbc9fe14b.png?v=1747123472 | https://gamesir.com/cdn/shop/files/6_912b273d-3d3f-419c-bf7a-d67166ec6251.png?v=1747123643 | https://gamesir.com/cdn/shop/files/7_b174cae8-a30a-49fd-ae03-aedf05266df7.png?v=1747123472 | https://gamesir.com/cdn/shop/files/7_eb4f1030-2363-4c63-bc19-beaa30c884c8.png?v=1747123643 | https://gamesir.com/cdn/shop/files/626b9b6886075081b16840ac10c50041.png?v=1736850234&width=760,https://gamesir.com/es/collections/all-products-1/products/gamesir-t7-pro-floral
GameSir G8 Plus MFi Type-C Mobile Controller (Apple Certified),Precio regular $79.99 USD,Disponible,,"Key Features: Officially MFi Certified Controller Play seamlessly on your iPhone and iPad. As an Apple-certified accessory, the GameSir G8+ MFi ensures reliable performance, stable connectivity, and full compatibility across iOS devices for a truly plug-and-play experience. 125-215mm Ultra-Wide Stretch Design Engineered with an adjustable stretch range from 125mm to 215mm, the G8+ MFi fits a wide variety of devices, including the iPad mini and larger smartphones, ensuring secure and comfortable support for any setup. Console Controller Grade Designed with console-controller-level ergonomics and laser-textured grips, the G8+ MFi offers exceptional comfort and stability, allowing gamers to stay in control even during long sessions. Enjoy an authentic console-controller-like feel on mobile. The Anti Stick-Drift Solution: GameSir™ Hall Effect Sticks Equipped with GameSir™ Hall Effect sticks, the G8+ MFi delivers pinpoint accuracy and smooth 360° control. Using non-contact magnetic sensors, these sticks are built for long-lasting precision and are immune to wear and tear, eliminating stick drift and boosting a lifespan of up to 5 million cycles. Precision-Tuned Hall Effect Analog Triggers GameSir’s precision-tuned Hall Effect analog triggers provide unparalleled smoothness and responsiveness. Additionally, gamers can activate hair trigger mode by pressing M+LT/RT. Whether you need precise linear control or instant response, it gives you the competitive edge. Plug-and-Play The movable Type-C connector ensures a secure, low-latency connection and supports pass-through charging for nonstop gaming. Swappable silicone pad design offers added protection for your device in every scenario. Free Customization Featuring a magnetic detachable faceplate, the G8+ MFi allows gamers to freely swap ABXY layouts or thumbsticks for their ideal configuration. Build your own perfect setup that matches your playstyle. Two Remappable Back Buttons Asymmetric Motors for Immersive Vibration Button Design The ABXY buttons feature a 2 million-click lifespan, delivering consistent, responsive feedback. The mechanical D-pad ensures crisp, accurate inputs for precise movement and fighting game combos. Software Customization Support","Compatible Platforms: iPhone, iPad, and Android Compatible Phone Length: 125-215mm / 4.92-8.46in Connection: Built-in Type-C wired connection Sticks: GameSir™ Hall Effect sticks Triggers: Hall Effect analog triggers Vibration: Dual asymmetric motors (in each grip) ABXY Buttons: Membrane, 2 million-click lifespan ABXY Layout: Physically swappable D-pad: Tactile Switch Grips: Laser-engraved textured grips Back Buttons: Two back buttons Battery: No Audio: 3.5mm headphone jack Supported Software: GameSir app Product Size: 229*106.8*54.2 mm / 9.02*4.20*2.13 in Net Weight: 304 g / 0.67 lbs Package Size: 262*149*66 mm / 10.32*5.87*2.60 in","GameSir G8 Plus MFi Type-C Mobile Controller (Apple Certified) | Xbox Controllers | Mobile Controllers | Switch Controllers | PC Controllers | Officially MFi Certified Controller | Play seamlessly on your iPhone and iPad. As an Apple-certified accessory, the GameSir G8+ MFi ensures reliable performance, stable connectivity, and full compatibility across iOS devices for a truly plug-and-play experience. | Console Controller Grade | The Anti Stick-Drift Solution: GameSir™ Hall Effect Sticks | Equipped with GameSir™ Hall Effect sticks, the G8+ MFi delivers pinpoint accuracy and smooth 360° control. Using non-contact magnetic sensors, these sticks are built for long-lasting precision and are immune to wear and tear, eliminating stick drift and boosting a lifespan of up to 5 million cycles. | GameSir’s precision-tuned Hall Effect analog triggers provide unparalleled smoothness and responsiveness. Additionally, gamers can activate hair trigger mode by pressing M+LT/RT. Whether you need precise linear control or instant response, it gives you the competitive edge. | Sticks: GameSir™ Hall Effect sticks | Supported Software: GameSir app | GameSir G8 Plus MFi Type-C ... | Join GameSir Discord and seek quick answers from skillful players. | About GameSir | GameSir | GameSir App",https://gamesir.com/cdn/shop/t/64/assets/transparent.png?v=74725729134931200321767515786 | https://gamesir.com/cdn/shop/files/logo_1bbc21e8-a4b0-42a4-b29f-a48959045877.png?v=1737874858&width=600 | https://gamesir.com/cdn/shop/files/1_7cff38ef-9798-4032-b0d2-8f84fc998ae2.png?v=1776949038&width=1206 | https://gamesir.com/cdn/shop/files/1_7cff38ef-9798-4032-b0d2-8f84fc998ae2.png?v=1776949038&width=200 | https://gamesir.com/cdn/shop/files/hero_image.png?v=1766300716 | https://gamesir.com/cdn/shop/files/hero_image_3d4ca702-e67c-48f7-a123-ee2a7759c4ac.png?v=1766300849 | https://gamesir.com/cdn/shop/files/1_6b2f0f75-57f4-41b7-a576-61205b7d9332.png?v=1766300713 | https://gamesir.com/cdn/shop/files/1_8dbbd682-31e0-4df5-aef8-82175a1daa60.png?v=1766300848 | https://gamesir.com/cdn/shop/files/2_e2f621fa-03c3-4719-8a3c-d3412de5cf37.png?v=1766300714 | https://gamesir.com/cdn/shop/files/2_9bd4970c-4a1c-427e-bc1d-1a2110adfac8.png?v=1766300848 | https://gamesir.com/cdn/shop/files/4_8992f84d-b155-4cb7-86a7-2459603a1b59.png?v=1766369658 | https://gamesir.com/cdn/shop/files/4_a19f19b1-9011-4a5d-b8a3-b4018c7f8b86.png?v=1766369627 | https://gamesir.com/cdn/shop/files/5_2x_9a445634-52c9-45c9-93b5-8587830f2d47.png?v=1766369657 | https://gamesir.com/cdn/shop/files/5_c0740016-1930-4d04-b228-fe49f14d300d.png?v=1766369627 | https://gamesir.com/cdn/shop/files/5_1ff3e3d1-c81f-4f66-ae50-cfb140e94ca6.png?v=1766300712 | https://gamesir.com/cdn/shop/files/5_e6faaebb-43c7-4e2e-9c95-a577bcf2b823.png?v=1766300852 | https://gamesir.com/cdn/shop/files/6_d7a349b6-f4f9-4819-8ebe-8a9739fcf532.png?v=1766300712 | https://gamesir.com/cdn/shop/files/6_1e690ede-6807-4fb4-a6cb-3470af9a2652.png?v=1766300849 | https://gamesir.com/cdn/shop/files/7_69f86789-6d3e-4993-bcb7-c5090d0fb12b.png?v=1766300713 | https://gamesir.com/cdn/shop/files/7_94ae8351-aea4-4c7a-aa93-b234aae99275.png?v=1766300848 | https://gamesir.com/cdn/shop/files/626b9b6886075081b16840ac10c50041.png?v=1736850234&width=760,https://gamesir.com/es/collections/all-products-1/products/gamesir-g8-plus-mfi
GameSir X5s Wireless Mobile Game Controller,Precio regular $49.99 USD,Disponible,,"Key Features: Tri-Mode Connectivity for Wide Device Compatibility Lightweight Design, Perfect for Gaming on the Go Precise and Anti-Drift: GameSir™ Hall Effect Sticks Precision-Tuned Hall Effect Analog Triggers HD Vibration Native Motion Control with 6-Axis Gyro Swappable ABXY Buttons for Your Preferred Layouts Optional Custom Thermoelectric Cooler - FX5 / FX5 Lite Turbo Function Play without Limits. Game with GameHub Software Customization","Compatible Platforms: Switch, Switch2, Android, iOS, PC Compatible Device Length: 105-213mm / 4.13-8.39in Connectivity: Bluetooth, USB-C wired, 2.4GHz wireless (*2.4GHz dongle not included) Sticks: GameSir™ Hall Effect sticks Triggers: Hall Effect analog triggers Motion Control: Yes, 6-axis gyroscope Vibration: Dual HD rumble motors (in each grip) ABXY Buttons: Membrane ABXY Layout: Physically swappable D-pad: Membrane Turbo Function: Supported on A/B/X/Y/LB/RB/LT/RT Grips: Laser-engraved textured grips Software: GameSir app Battery: 840mAh total (420mAh per side) Power Source: Type-C port Product Size: 196.7*88*46 mm / 7.74*3.46*1.81 in Net Weight: 174.1 g / 0.384 lbs Package Size: 204*59*101 mm / 8.03*2.32*3.98 in Gross Weight: 362 g / 0.80 lbs Carton Size: (30pcs/carton): 420*315*335 mm / 16.54*12.40*13.19 in Carton Weight: (30pcs/carton): 11.5 kg / 25.35 lbs",GameSir X5s Wireless Mobile Game Controller for Broader Gaming Experience | Xbox Controllers | Mobile Controllers | Switch Controllers | PC Controllers | GameSir X5s Wireless Mobile Game Controller | FX5 Cooler | FX5 Lite Cooler | Precise and Anti-Drift: GameSir™ Hall Effect Sticks | Optional Custom Thermoelectric Cooler - FX5 / FX5 Lite | Sticks: GameSir™ Hall Effect sticks | Software: GameSir app | GameSir X5s Wireless Mobile... | Join GameSir Discord and seek quick answers from skillful players. | About GameSir | GameSir | GameSir App,https://gamesir.com/cdn/shop/t/64/assets/transparent.png?v=74725729134931200321767515786 | https://gamesir.com/cdn/shop/files/logo_1bbc21e8-a4b0-42a4-b29f-a48959045877.png?v=1737874858&width=600 | https://gamesir.com/cdn/shop/files/1_1_a8fda282-1ac3-4e05-8622-6bb173c3f442.png?v=1756107904&width=1206 | https://gamesir.com/cdn/shop/files/preview_images/3d43de714ef64819879d466e8f121a91.thumbnail.0000000000_2048x.jpg?v=1778143919 | https://gamesir.com/cdn/shop/files/1_1_a8fda282-1ac3-4e05-8622-6bb173c3f442.png?v=1756107904&width=200 | https://gamesir.com/cdn/shop/files/1_0f7934bd-2868-494c-abba-febe0ea4a295.png?v=1755853995 | https://gamesir.com/cdn/shop/files/1_fc307320-e7b1-47aa-9c9b-603038bef62b.png?v=1755854286 | https://gamesir.com/cdn/shop/files/2_c06aeddf-6383-4510-9cbd-12156ee03003.png?v=1755853882 | https://gamesir.com/cdn/shop/files/2_997fe6c8-3ee6-4539-94ec-2649a6eaffd2.png?v=1777288970 | https://gamesir.com/cdn/shop/files/3_262c5db8-c4f3-49ca-a9da-492f55e2f88b.png?v=1777289018 | https://gamesir.com/cdn/shop/files/3_c4cfcd79-310a-41e1-99db-d099f977b127.png?v=1755853969 | https://gamesir.com/cdn/shop/files/4_4161daaf-979d-4025-b854-8f6f35a50ea5.png?v=1777289121 | https://gamesir.com/cdn/shop/files/4_22f9bb77-6cff-4e43-919d-642e92560f2f.png?v=1755854383 | https://gamesir.com/cdn/shop/files/5_9dfdd596-c7f2-4348-bf8f-d7bb7cfa4b15.png?v=1777289132 | https://gamesir.com/cdn/shop/files/5_1b3655ff-aa4b-4896-920b-b1c0bd285ea3.png?v=1755853990 | https://gamesir.com/cdn/shop/files/6_bf74544f-adb8-4d1c-bbf0-48a5779c8722.png?v=1777289139 | https://gamesir.com/cdn/shop/files/6_5545d240-6760-4f08-85e9-2a7d09fe53f7.png?v=1755854164 | https://gamesir.com/cdn/shop/files/7_64ae5354-caea-4bac-8f0d-3e47dd22e32b.png?v=1777289145 | https://gamesir.com/cdn/shop/files/7_c97f82a3-3391-4ca2-a0c7-e31184f65716.png?v=1755853977 | https://gamesir.com/cdn/shop/files/8_7a4c6e91-ad77-456b-9b9f-dee3ee9036ae.png?v=1777289152 | https://gamesir.com/cdn/shop/files/8_819f5724-c3d0-4b2c-bcf6-94fec88ff38b.png?v=1755853969 | https://gamesir.com/cdn/shop/files/9_1_9e3f58f7-7ab8-411c-a0ec-828bdc2a6d0a.png?v=1777289157 | https://gamesir.com/cdn/shop/files/9_28f2a158-3059-4bc7-a316-692d0f4b9e4f.png?v=1777288745 | https://gamesir.com/cdn/shop/files/10_dc789d3a-5ace-4612-958a-7761be0d633b.png?v=1777288806 | https://gamesir.com/cdn/shop/files/10_045f7974-5822-49af-ad5d-29b4ba19a41c.png?v=1755854258 | https://gamesir.com/cdn/shop/files/11_2d2ae2dd-0e46-4361-9abe-aa3505b9a73e.png?v=1777289176 | https://gamesir.com/cdn/shop/files/11_a693c7ed-9de3-4b08-8d1c-0c8ab2dc50bd.png?v=1755854465 | https://gamesir.com/cdn/shop/files/12_ab49a213-6c81-43a7-bd17-369a50612d54.png?v=1777289181 | https://gamesir.com/cdn/shop/files/626b9b6886075081b16840ac10c50041.png?v=1736850234&width=760,https://gamesir.com/es/collections/all-products-1/products/gamesir-x5s-wireless-mobile-game-controller
GameSir X5 Lite Type-C Mobile Gaming Controller,Precio regular $34.99 USD,Disponible,Wasabi & Black,Key Features: Seamless Connectivity and Wide Compatibility Precise and Anti-drift: GameSir™ Hall Effect Stick Ergonomic and Lightweight Design for Extreme Comfort Cushioned and Durable Membrane Triggers and Buttons Turbo function for enhanced gameplay Pass-through charging for uninterrupted gameplay Software customization,"Compatible Platform: Android Connection: Built-in Type-C wired connection Compatible Phone Length: 105-213mm / 4.13-8.39in Sticks: GameSirTM Hall Effect sticks Triggers: Membrane triggers ABXY Buttons: Membrane D-pad: Membrane Battery: No Turbo Function: Yes Grips: Laser engraved textured grips Customization Software: Yes, GameSir App Color: Wasabi & Black Product Size: 196.7*88.3*46.2mm / 7.74*3.48*1.82in Net Weight: 135.4g / 0.30lbs Package Size: 210*93*54mm / 8.27*3.66*2.13in Gross Weight: 174g / 0.38lbs Carton Size: (30pcs/carton): 420*270*310mm / 16.54*10.63*12.20in Carton Weight: (30pcs/carton): 5.8kg / 12.79lbs","GameSir X5 Lite Type-C Gaming Controller, Precise & Comfortable | Xbox Controllers | Mobile Controllers | Switch Controllers | PC Controllers | GameSir X5 Lite Type-C Mobile Gaming Controller | FX5 Cooler | FX5 Lite Cooler | Precise and Anti-drift: GameSir™ Hall Effect Stick | Sticks: GameSirTM Hall Effect sticks | Customization Software: Yes, GameSir App | GameSir X5 Lite Type-C Mobi... | Join GameSir Discord and seek quick answers from skillful players. | About GameSir | GameSir | GameSir App",https://gamesir.com/cdn/shop/t/64/assets/transparent.png?v=74725729134931200321767515786 | https://gamesir.com/cdn/shop/files/logo_1bbc21e8-a4b0-42a4-b29f-a48959045877.png?v=1737874858&width=600 | https://gamesir.com/cdn/shop/files/1_1e626486-70fc-4fc6-9f3b-7a0e960aa81c.png?v=1744798139&width=1206 | https://gamesir.com/cdn/shop/files/preview_images/163749c6e35541dca025f1d8fb433da2.thumbnail.0000000000_2048x.jpg?v=1778141507 | https://gamesir.com/cdn/shop/files/1_1e626486-70fc-4fc6-9f3b-7a0e960aa81c.png?v=1744798139&width=200 | https://gamesir.com/cdn/shop/files/X5lite_-1920.png?v=1748947287 | https://gamesir.com/cdn/shop/files/X5Lite_-_-1000.png?v=1748947301 | https://gamesir.com/cdn/shop/files/1_662bf6c8-a26b-4fc3-86e5-349b4cbbd842.png?v=1744791676 | https://gamesir.com/cdn/shop/files/1_10b3b1cb-c099-4d47-827b-60214edc8c3b.png?v=1744791557 | https://gamesir.com/cdn/shop/files/2_fcb57651-3039-489f-a685-3229141fe14d.png?v=1744791678 | https://gamesir.com/cdn/shop/files/2_29640117-c528-4a3e-a885-b84e10d29a23.png?v=1744791557 | https://gamesir.com/cdn/shop/files/3_105ba040-2f37-44d3-80d3-3081ea26df6c.png?v=1744791680 | https://gamesir.com/cdn/shop/files/3_2d4c8e89-1b82-42a3-b3f4-836459543b1d.png?v=1744791556 | https://gamesir.com/cdn/shop/files/4_c6e9d274-e112-4ebd-afc6-e1afdbcb8bcf.png?v=1744791685 | https://gamesir.com/cdn/shop/files/4_2b122f04-023d-4bbf-90af-01e64d0db099.png?v=1744791556 | https://gamesir.com/cdn/shop/files/5_05fb911b-cbc8-448f-9d60-92a3169a0262.png?v=1744791708 | https://gamesir.com/cdn/shop/files/5_582b0e5f-a26d-4000-88ea-8aa14e9a1681.png?v=1744791563 | https://gamesir.com/cdn/shop/files/6_0f3a1db3-c12f-4c7c-aba9-66867e86d956.png?v=1744791683 | https://gamesir.com/cdn/shop/files/6_272b1ef2-66e5-45a7-b05d-4e88670af7ef.png?v=1744791556 | https://gamesir.com/cdn/shop/files/7_d0507552-7b7d-4881-8242-b6cdcd615553.png?v=1744791675 | https://gamesir.com/cdn/shop/files/7_5a395ff0-fea1-43e3-8a22-4e6350bc69cf.png?v=1744791554 | https://gamesir.com/cdn/shop/files/8_1.png?v=1777028974 | https://gamesir.com/cdn/shop/files/9_84cda82f-dd82-4578-b139-acc807bbf843.png?v=1777028935 | https://gamesir.com/cdn/shop/files/9_2.png?v=1777029430 | https://gamesir.com/cdn/shop/files/9_1.png?v=1777029447 | https://gamesir.com/cdn/shop/files/626b9b6886075081b16840ac10c50041.png?v=1736850234&width=760,https://gamesir.com/es/collections/all-products-1/products/gamesir-x5-lite
GameSir Tegenaria Lite MenaRD Collaboration Edition Wired Symmetric Game Controller,Precio regular $19.99 USD,Disponible,,Key Features: Exlcusive colorway co-designed with MenaRD Ultra-low latency wired connection Precise and anti-drift: GameSir™ Hall Effect sticks 1000Hz polling rate for instant response Cushioned and durable membrane triggers and buttons Dual asymmetric motors for subtle vibration Two mappable back buttons for more controls Ergonomic Design with Anti-Slip Laser-Engraved Textured Grips Turbo function for enhanced gameplay,"Connection: Built-in 2m USB-A cable for wired connection Working Platform: Switch, Android, iOS, PC, Steam Sticks: GameSir™ anti-drift Hall Effect sticks Triggers: Membrane analog triggers ABXY Buttons: Membrane D-pad: Membrane Motor: Dual asymmetric rumble motors Mappable Buttons: Two back buttons Turbo Function: Yes Polling Rate: 1000Hz Software: GameSir Connect app (supports controller testing and firmware updates) Product Size: 163*99*60mm / 6.42*3.90*2.36in Net Weight: 230g / 0.51lbs Package Size: 167*65*135mm / 6.57*2.56*5.31in Gross Weight: 280g / 0.62lbs Carton Size (30pcs/carton): 520*345*310mm / 20.47*13.58*12.20in Carton Weight (30pcs/carton): 9.7kg / 21.38lbs",GameSir Tegenaria Lite MenaRD Collaboration Edition Wired Symmetric Ga | Xbox Controllers | Mobile Controllers | Switch Controllers | PC Controllers | GameSir Tegenaria Lite MenaRD Collaboration Edition Wired Symmetric Game Controller | Precise and anti-drift: GameSir™ Hall Effect sticks | Sticks: GameSir™ anti-drift Hall Effect sticks | Software: GameSir Connect app (supports controller testing and firmware updates) | GameSir Tegenaria Lite Mena... | Join GameSir Discord and seek quick answers from skillful players. | About GameSir | GameSir | GameSir App,https://gamesir.com/cdn/shop/t/64/assets/transparent.png?v=74725729134931200321767515786 | https://gamesir.com/cdn/shop/files/logo_1bbc21e8-a4b0-42a4-b29f-a48959045877.png?v=1737874858&width=600 | https://gamesir.com/cdn/shop/files/1_8dc3b0fc-259d-4eeb-93cd-291ac767289c.png?v=1773031420&width=1206 | https://gamesir.com/cdn/shop/files/1_8dc3b0fc-259d-4eeb-93cd-291ac767289c.png?v=1773031420&width=200 | https://gamesir.com/cdn/shop/files/1_8a8f763b-37bc-4978-acbb-7f3f5af60dc9.jpg?v=1773031955 | https://gamesir.com/cdn/shop/files/1_8aff1b68-d485-4117-955d-8eeec7328234.png?v=1773031982 | https://gamesir.com/cdn/shop/files/2_ea0625de-a0da-4ec1-86a2-b578b668fbd1.jpg?v=1773031956 | https://gamesir.com/cdn/shop/files/2_20992bd8-ec55-4e28-81e2-c8e6d1f0344f.png?v=1773031981 | https://gamesir.com/cdn/shop/files/3_01cc5e16-0b30-408e-9152-1bffffb950fe.jpg?v=1773031955 | https://gamesir.com/cdn/shop/files/3_2a452ca7-fe50-42aa-a678-0ef18ae70253.png?v=1773031982 | https://gamesir.com/cdn/shop/files/4_f5ef2d34-7765-4364-bbe9-0b2e3afd815c.jpg?v=1773031956 | https://gamesir.com/cdn/shop/files/4_b652a188-b3ca-41de-82d0-6d91c1f10cf3.png?v=1773031981 | https://gamesir.com/cdn/shop/files/5_585a189b-d8e5-464a-b03f-6db11d40eeb9.jpg?v=1773031956 | https://gamesir.com/cdn/shop/files/5_72b424d6-7990-44b7-a994-3ea971af7c05.png?v=1773031982 | https://gamesir.com/cdn/shop/files/6_ddb093d2-1dc6-4f5b-94c1-7ee679c1f139.jpg?v=1773031956 | https://gamesir.com/cdn/shop/files/6_f251b49b-e386-4776-ac98-8bc1874a9931.png?v=1773031981 | https://gamesir.com/cdn/shop/files/7_81603fd8-6ef8-4a38-9219-ef5eff17c0f9.jpg?v=1773031956 | https://gamesir.com/cdn/shop/files/7_6b461447-517b-4856-b43d-9f2cfabc22ee.png?v=1773031981 | https://gamesir.com/cdn/shop/files/8_bd48b9da-458a-4aaf-97e0-d0ec593c25d5.jpg?v=1773031956 | https://gamesir.com/cdn/shop/files/8_57714d6f-b88e-4f48-ac10-52dd2c47288a.png?v=1773031983 | https://gamesir.com/cdn/shop/files/626b9b6886075081b16840ac10c50041.png?v=1736850234&width=760,https://gamesir.com/es/collections/all-products-1/products/gamesir-tegenaria-lite-menard-collaboration-edition
GameSir Tegenaria Lite Wired Symmetric Game Controller,Precio regular $19.99 USD,Disponible,Retro Gray; Serene White,Key Features: Ultra-low latency wired connection Precise and anti-drift: GameSir™ Hall Effect sticks 1000Hz polling rate for instant response Cushioned and durable membrane triggers and buttons Dual asymmetric motors for subtle vibration Two mappable back buttons for more controls Ergonomic Design with Anti-Slip Laser-Engraved Textured Grips Turbo function for enhanced gameplay,"Connection: Wired Working Platform: Switch, Android, iOS, PC, Steam Sticks: GameSir™ anti-drift Hall Effect sticks Triggers: Membrane analog triggers ABXY Buttons: Membrane D-pad: Membrane Motor: Dual asymmetric rumble motors Mappable Buttons: Two back buttons Turbo Function: Yes Polling Rate: 1000Hz Software: GameSir Connect app (supports controller testing and firmware updates) Color: Retro Gray; Serene White Product Size: 163*99*60mm / 6.42*3.90*2.36in Net Weight: 230g / 0.51lbs Package Size: 167*65*135mm / 6.57*2.56*5.31in Gross Weight: 280g / 0.62lbs Carton Size (30pcs/carton): 520*345*310mm / 20.47*13.58*12.20in Carton Weight (30pcs/carton): 9.7kg / 21.38lbs",GameSir Tegenaria Lite Wired Symmetric Game Controller | Xbox Controllers | Mobile Controllers | Switch Controllers | PC Controllers | Precise and anti-drift: GameSir™ Hall Effect sticks | Sticks: GameSir™ anti-drift Hall Effect sticks | Software: GameSir Connect app (supports controller testing and firmware updates) | GameSir Tegenaria Lite Wire... | Join GameSir Discord and seek quick answers from skillful players. | About GameSir | GameSir | GameSir App,https://gamesir.com/cdn/shop/t/64/assets/transparent.png?v=74725729134931200321767515786 | https://gamesir.com/cdn/shop/files/logo_1bbc21e8-a4b0-42a4-b29f-a48959045877.png?v=1737874858&width=600 | https://gamesir.com/cdn/shop/files/T3_Lite_1.png?v=1749463677&width=1206 | https://gamesir.com/cdn/shop/files/T3_Lite_1.png?v=1749463677&width=200 | https://gamesir.com/cdn/shop/files/1_41170c75-04a1-40ee-9742-3085615e6d67.png?v=1749463100 | https://gamesir.com/cdn/shop/files/1_dd5c3032-42cb-4679-b73f-714b874044de.png?v=1749462310 | https://gamesir.com/cdn/shop/files/2_f27910fc-6465-4f62-91ba-b6a0261cc2ef.png?v=1749463091 | https://gamesir.com/cdn/shop/files/2_8d8df0cf-7ee6-4e96-9510-209ff250db22.png?v=1749462310 | https://gamesir.com/cdn/shop/files/3_692bdf3b-9ea0-4e2f-94d5-8cbbc06ccf61.png?v=1752050476 | https://gamesir.com/cdn/shop/files/1_2_4c73da09-caee-4432-9fd7-8031bf80fdb3.png?v=1752030591 | https://gamesir.com/cdn/shop/files/4_5fd8e3c4-6229-48bd-b580-983c9e133b68.png?v=1749463097 | https://gamesir.com/cdn/shop/files/4_9b52592d-7a26-442f-974d-9ff31377d772.png?v=1749462309 | https://gamesir.com/cdn/shop/files/5_4e58da1e-c631-471d-ab92-f7cb82913ef7.png?v=1752030392 | https://gamesir.com/cdn/shop/files/1_4_09f6238c-4bd8-4b01-902e-6e563f2b253d.png?v=1752030614 | https://gamesir.com/cdn/shop/files/1_5_38aa47fa-3dea-40bb-9dd0-30f038a75449.png?v=1752030663 | https://gamesir.com/cdn/shop/files/6_52755585-05c3-4d82-b830-e860f4e0217a.png?v=1749463094 | https://gamesir.com/cdn/shop/files/7_898c29f3-57c1-4f87-bf8a-6f99740412c1.png?v=1752030397 | https://gamesir.com/cdn/shop/files/abxy-mobile-t3l.png?v=1750231703 | https://gamesir.com/cdn/shop/files/8_d400fd69-bc95-4e2d-9106-3ef1d930bac3.png?v=1752030397 | https://gamesir.com/cdn/shop/files/9_fc0015d0-b38a-447f-9843-51dde75b8ac1.png?v=1749462310 | https://gamesir.com/cdn/shop/files/626b9b6886075081b16840ac10c50041.png?v=1736850234&width=760,https://gamesir.com/es/collections/all-products-1/products/gamesir-tegenaria-lite
GameSir Cyclone 2 Multiplatform Controller - Shadow Black,Precio regular $55.99 USD,Disponible,,"Key Features: Tri-mode Connectivity:Bluetooth, Wired, Wireless Dongle Multi-platform Compatibility:Switch, Android, iOS, PC and Steam Precise and Durable GameSir Mag-Res™ TMR Sticks Precision-tuned Hall Effect Analog Triggers Motion Control Realistic and Subtle Vibration E-sports Level Buttons Quickly Switch Profiles on-the-fly Customizable RGB Lighting Effect","Working Platform: Switch, Android, iOS, PC and Steam Connection: Bluetooth, Wired, Wireless Dongle Sticks: Yes, GameSir Mag-ResTM TMR Sticks Triggers: Hall Effect analog or micro switch 6-axis Gyroscope: Yes ABXY Buttons: Micro Switch D-pad: Tactile Switch Rumble Motors: Yes, asymmetric motors in each grip Back Buttons: Yes Turbo Function: Yes Lighting Strip: Yes Customization Software: Yes, GameSir Connect Battery: 860mAh Color: Shadow Black & Phantom White Bundle Edition: Product Size: 156*103*63 mm / 6.14*4.06*2.48 in Package Size: 178*161*93 mm / 7.01*6.34*3.66 in Gross Weight: 666g / 1.47lbs Standard Edition: Product Size: 156*103*63 mm / 6.14*4.06*2.48 in Package Size: 160*118*84 mm / 6.30*4.65*3.31 in Gross Weight: 397.5g / 0.88lbs","GameSir Cyclone 2 Multiplatform Controller - Shadow Black | Xbox Controllers | Mobile Controllers | Switch Controllers | PC Controllers | Precise and Durable GameSir Mag-Res™ TMR Sticks | Yes, GameSir Mag-ResTM TMR Sticks | Yes, GameSir Connect | GameSir Cyclone 2 Multiplat... | Join GameSir Discord and seek quick answers from skillful players. | About GameSir | GameSir | GameSir App",https://gamesir.com/cdn/shop/t/64/assets/transparent.png?v=74725729134931200321767515786 | https://gamesir.com/cdn/shop/files/logo_1bbc21e8-a4b0-42a4-b29f-a48959045877.png?v=1737874858&width=600 | https://gamesir.com/cdn/shop/files/20260427-114255.393-1.png?v=1777261487&width=1206 | https://gamesir.com/cdn/shop/files/preview_images/7a06185043b94851a855dbf430398784.thumbnail.0000000000_2048x.jpg?v=1744799150 | https://gamesir.com/cdn/shop/files/20260427-114255.393-1.png?v=1777261487&width=200 | https://gamesir.com/cdn/shop/files/8ac2df18cfdcfb4fa59eff82bae793b3_ad6b5116-263f-4f43-9ab1-66e338975348.png?v=1737552923 | https://gamesir.com/cdn/shop/files/1_2x_da86c631-c39a-4ef2-8546-894d640246bd.png?v=1737552983 | https://gamesir.com/cdn/shop/files/1_2ff36679-f170-499a-9896-06ea3b2206a1.png?v=1737552957 | https://gamesir.com/cdn/shop/files/1_30807fc9-acfb-4985-bcf0-2b68b9e522fa.png?v=1737552908 | https://gamesir.com/cdn/shop/files/2_2x_b94f33e6-6150-4f88-9eb8-2371ca228860.png?v=1737615990 | https://gamesir.com/cdn/shop/files/2_242f570b-7a50-463f-8379-f1fa2da5d62e.png?v=1737552911 | https://gamesir.com/cdn/shop/files/C2_9999.png?v=1737875268 | https://gamesir.com/cdn/shop/files/3_aa0f0038-ad99-49b9-b9a3-23e4f763b1af.png?v=1740734650 | https://gamesir.com/cdn/shop/files/3_1b874ab3-d43b-4f79-88af-92d61114172c.png?v=1740734676 | https://gamesir.com/cdn/shop/files/4_3b85d294-af1a-422f-bdb5-137f8c32bb8b.png?v=1737552925 | https://gamesir.com/cdn/shop/files/5_2x_493ca2fc-8676-46a7-a328-03f5fef1a525.png?v=1737552998 | https://gamesir.com/cdn/shop/files/5_7b3bbccb-d9ec-4765-9c29-6f08e6601d9b.png?v=1737552927 | https://gamesir.com/cdn/shop/files/6_2x_d2f28db7-479a-4d8d-a4d9-5f6eeb078646.png?v=1737553001 | https://gamesir.com/cdn/shop/files/6_932a1b99-4bee-4e33-909b-11e137bbf235.png?v=1737552920 | https://gamesir.com/cdn/shop/files/7_2x_0f31b9fa-58c6-410f-be0e-7124d36a4a41.png?v=1739949170 | https://gamesir.com/cdn/shop/files/7_6303aa47-8ac5-4384-8297-fbd5fe3b194e.png?v=1737552925 | https://gamesir.com/cdn/shop/files/8_2x_f52bc950-0353-42e7-980c-a66e618c5c42.png?v=1737552995 | https://gamesir.com/cdn/shop/files/8_d613e37e-5686-41b4-9a83-b9011bcac4f1.png?v=1737552927 | https://gamesir.com/cdn/shop/files/9_2_2x_bba8373c-593c-4dce-989e-7629fe52df82.png?v=1737552998 | https://gamesir.com/cdn/shop/files/9_448813cf-39c6-49c0-90f5-f143ee3237a5.png?v=1737552926 | https://gamesir.com/cdn/shop/files/9_2x_ab345412-e60e-4ad4-a373-bbc546ab3a97.png?v=1737552998 | https://gamesir.com/cdn/shop/files/9_942b398a-ae36-4eb6-a764-84f8be3199d7.png?v=1737552923 | https://gamesir.com/cdn/shop/files/9_2x_0fb5a19f-68d5-4335-9b56-3c1f6eebe585.png?v=1737553000 | https://gamesir.com/cdn/shop/files/10_0795b344-af44-4c47-a12d-ef91157aa3ee.png?v=1737552924 | https://gamesir.com/cdn/shop/files/10_2x_d7e7767a-fd9e-4f7d-9d67-c3b9b066bc58.png?v=1737553001 | https://gamesir.com/cdn/shop/files/11_64b49759-13a5-4889-b252-ffd8baa0814e.png?v=1737552924 | https://gamesir.com/cdn/shop/files/11_2x_eb3c2445-6940-42a2-9047-729274593afb.png?v=1737552996 | https://gamesir.com/cdn/shop/files/626b9b6886075081b16840ac10c50041.png?v=1736850234&width=760,https://gamesir.com/es/collections/all-products-1/products/gamesir-cyclone2-black
GameSir Cyclone 2 Multiplatform Controller - Phantom White,Precio regular $55.99 USD,Disponible,,"Key Features: Tri-mode Connectivity:Bluetooth, Wired, Wireless Dongle Multi-platform Compatibility:Switch, Android, iOS, PC and Steam Precise and Durable GameSir Mag-Res™ TMR Sticks Precision-tuned Hall Effect Analog Triggers Motion Control Realistic and Subtle Vibration E-sports Level Buttons Quickly Switch Profiles on-the-fly Customizable RGB Lighting Effect","Working Platform: Switch, Android, iOS, PC and Steam Connection: Bluetooth, Wired, Wireless Dongle Sticks: Yes, GameSir Mag-ResTM TMR Sticks Triggers: Hall Effect analog or micro switch 6-axis Gyroscope: Yes ABXY Buttons: Micro Switch D-pad: Tactile Switch Rumble Motors: Yes, asymmetric motors in each grip Back Buttons: Yes Turbo Function: Yes Lighting Strip: Yes Customization Software: Yes, GameSir Connect Battery: 860mAh Color: Shadow Black & Phantom White Bundle Edition: Product Size: 156*103*63 mm / 6.14*4.06*2.48 in Package Size: 178*161*93 mm / 7.01*6.34*3.66 in Gross Weight: 666g / 1.47lbs Standard Edition: Product Size: 156*103*63 mm / 6.14*4.06*2.48 in Package Size: 160*118*84 mm / 6.30*4.65*3.31 in Gross Weight: 397.5g / 0.88lbs","GameSir Cyclone 2 Multiplatform Game Controller - Phantom White | Xbox Controllers | Mobile Controllers | Switch Controllers | PC Controllers | GameSir Cyclone 2 Multiplatform Controller - Phantom White | Precise and Durable GameSir Mag-Res™ TMR Sticks | Yes, GameSir Mag-ResTM TMR Sticks | Yes, GameSir Connect | GameSir Cyclone 2 Multiplat... | Join GameSir Discord and seek quick answers from skillful players. | About GameSir | GameSir | GameSir App",https://gamesir.com/cdn/shop/t/64/assets/transparent.png?v=74725729134931200321767515786 | https://gamesir.com/cdn/shop/files/logo_1bbc21e8-a4b0-42a4-b29f-a48959045877.png?v=1737874858&width=600 | https://gamesir.com/cdn/shop/files/20260427-114255.393-2.png?v=1777261487&width=1206 | https://gamesir.com/cdn/shop/files/20260427-114255.393-2.png?v=1777261487&width=200 | https://gamesir.com/cdn/shop/files/8ac2df18cfdcfb4fa59eff82bae793b3_ad6b5116-263f-4f43-9ab1-66e338975348.png?v=1737552923 | https://gamesir.com/cdn/shop/files/1_2x_da86c631-c39a-4ef2-8546-894d640246bd.png?v=1737552983 | https://gamesir.com/cdn/shop/files/1_2ff36679-f170-499a-9896-06ea3b2206a1.png?v=1737552957 | https://gamesir.com/cdn/shop/files/1_30807fc9-acfb-4985-bcf0-2b68b9e522fa.png?v=1737552908 | https://gamesir.com/cdn/shop/files/2_2x_b94f33e6-6150-4f88-9eb8-2371ca228860.png?v=1737615990 | https://gamesir.com/cdn/shop/files/2_242f570b-7a50-463f-8379-f1fa2da5d62e.png?v=1737552911 | https://gamesir.com/cdn/shop/files/C2_9999.png?v=1737875268 | https://gamesir.com/cdn/shop/files/3_aa0f0038-ad99-49b9-b9a3-23e4f763b1af.png?v=1740734650 | https://gamesir.com/cdn/shop/files/3_1b874ab3-d43b-4f79-88af-92d61114172c.png?v=1740734676 | https://gamesir.com/cdn/shop/files/4_3b85d294-af1a-422f-bdb5-137f8c32bb8b.png?v=1737552925 | https://gamesir.com/cdn/shop/files/5_2x_493ca2fc-8676-46a7-a328-03f5fef1a525.png?v=1737552998 | https://gamesir.com/cdn/shop/files/5_7b3bbccb-d9ec-4765-9c29-6f08e6601d9b.png?v=1737552927 | https://gamesir.com/cdn/shop/files/6_2x_d2f28db7-479a-4d8d-a4d9-5f6eeb078646.png?v=1737553001 | https://gamesir.com/cdn/shop/files/6_932a1b99-4bee-4e33-909b-11e137bbf235.png?v=1737552920 | https://gamesir.com/cdn/shop/files/7_2x_0f31b9fa-58c6-410f-be0e-7124d36a4a41.png?v=1739949170 | https://gamesir.com/cdn/shop/files/7_6303aa47-8ac5-4384-8297-fbd5fe3b194e.png?v=1737552925 | https://gamesir.com/cdn/shop/files/8_2x_f52bc950-0353-42e7-980c-a66e618c5c42.png?v=1737552995 | https://gamesir.com/cdn/shop/files/8_d613e37e-5686-41b4-9a83-b9011bcac4f1.png?v=1737552927 | https://gamesir.com/cdn/shop/files/9_2_2x_bba8373c-593c-4dce-989e-7629fe52df82.png?v=1737552998 | https://gamesir.com/cdn/shop/files/9_448813cf-39c6-49c0-90f5-f143ee3237a5.png?v=1737552926 | https://gamesir.com/cdn/shop/files/9_2x_ab345412-e60e-4ad4-a373-bbc546ab3a97.png?v=1737552998 | https://gamesir.com/cdn/shop/files/9_942b398a-ae36-4eb6-a764-84f8be3199d7.png?v=1737552923 | https://gamesir.com/cdn/shop/files/9_2x_0fb5a19f-68d5-4335-9b56-3c1f6eebe585.png?v=1737553000 | https://gamesir.com/cdn/shop/files/10_0795b344-af44-4c47-a12d-ef91157aa3ee.png?v=1737552924 | https://gamesir.com/cdn/shop/files/10_2x_d7e7767a-fd9e-4f7d-9d67-c3b9b066bc58.png?v=1737553001 | https://gamesir.com/cdn/shop/files/11_64b49759-13a5-4889-b252-ffd8baa0814e.png?v=1737552924 | https://gamesir.com/cdn/shop/files/11_2x_eb3c2445-6940-42a2-9047-729274593afb.png?v=1737552996 | https://gamesir.com/cdn/shop/files/626b9b6886075081b16840ac10c50041.png?v=1736850234&width=760,https://gamesir.com/es/collections/all-products-1/products/gamesir-cyclone2-white
GameSir Super Nova Multiplatform Game Controller,Precio regular $49.99 USD,Disponible,Nightfall Blue,"Key Features: Tri-mode connectivity for multi-platform compatibility GameSir™ Hall Effect sensing sticks, anti-drift and ultra-durable Precision-tuned Hall Effect triggers, with trigger stops 1000Hz polling rate supports both wired and wireless dongle connections Dual asymmetric motors and 6-axis gyroscope for immersive gameplay Full customization Cushioned and comfortable gaming experience Smart auto start-stop charging station Software support","Working Platform: PC, Switch, iOS, and Android Connection: Bluetooth, Wired, and Wireless Dongle Sticks: GameSir™ Hall Effect sticks Triggers: Hall Effect triggers with trigger stops ABXY Buttons and D-pad: Membrane Rumble Motor: Yes, dual asymmetric motors Back Button: Yes, two back buttons 6-axis Gyroscope: Yes Grips: Rubber-coated textured grips Battery: 1000mAh Charging Station: Yes, smart auto start-stop Color: Nightfall Blue Customization Software: Yes, GameSir App and GameSir Connect App Product Size: 156*106*59mm/6.14*4.17*2.32in Net Weight: 263g/0.58lbs Package Size: 180*154*86mm / 7.09*6.06*3.39in Gross Weight: 620g / 1.37lbs","GameSir Super Nova Multiplatform Gaming Controller-PC Gaming | Xbox Controllers | Mobile Controllers | Switch Controllers | PC Controllers | GameSir Super Nova Multiplatform Game Controller | GameSir™ Hall Effect sensing sticks, anti-drift and ultra-durable | Sticks: GameSir™ Hall Effect sticks | Customization Software: Yes, GameSir App and GameSir Connect App | GameSir Super Nova Multipla... | Join GameSir Discord and seek quick answers from skillful players. | About GameSir | GameSir | GameSir App",https://gamesir.com/cdn/shop/t/64/assets/transparent.png?v=74725729134931200321767515786 | https://gamesir.com/cdn/shop/files/logo_1bbc21e8-a4b0-42a4-b29f-a48959045877.png?v=1737874858&width=600 | https://gamesir.com/cdn/shop/files/2_ef5a261f-3b0e-4da5-89e1-3b4af2a4dedc.png?v=1741246817&width=1206 | https://gamesir.com/cdn/shop/files/2_ef5a261f-3b0e-4da5-89e1-3b4af2a4dedc.png?v=1741246817&width=200 | https://gamesir.com/cdn/shop/files/hero_img1920_01.png?v=1739784565 | https://gamesir.com/cdn/shop/files/hero_img1_d901f0f1-2bcd-4a80-a132-037552822d72.png?v=1739784845 | https://gamesir.com/cdn/shop/files/1920_02.png?v=1739784559 | https://gamesir.com/cdn/shop/files/1920_03.png?v=1739784564 | https://gamesir.com/cdn/shop/files/2_488529a6-82f8-4e6e-9dc4-d1da0a49e440.png?v=1739784844 | https://gamesir.com/cdn/shop/files/1920_04.png?v=1739784563 | https://gamesir.com/cdn/shop/files/3_53fbaede-fc51-4ded-af53-7e73b88dc586.png?v=1739784845 | https://gamesir.com/cdn/shop/files/1920_05.png?v=1739784565 | https://gamesir.com/cdn/shop/files/4_f09f1833-92cf-4ac3-ae1b-4270d70dcd05.png?v=1739784845 | https://gamesir.com/cdn/shop/files/1920_06.png?v=1739784563 | https://gamesir.com/cdn/shop/files/5_5014ea27-c6f9-44b9-9605-086c04905a1b.png?v=1739784844 | https://gamesir.com/cdn/shop/files/1920_07.png?v=1739784565 | https://gamesir.com/cdn/shop/files/6_e30864de-05fa-40b6-a836-1c057c61b5d4.png?v=1739784845 | https://gamesir.com/cdn/shop/files/1920_08.png?v=1739784564 | https://gamesir.com/cdn/shop/files/7_29eea4fc-3120-4097-b96b-6356c4e733be.png?v=1739784845 | https://gamesir.com/cdn/shop/files/1920_09.png?v=1739784564 | https://gamesir.com/cdn/shop/files/8_82c697ff-b511-4f1b-8784-6a32686408df.png?v=1739784845 | https://gamesir.com/cdn/shop/files/1920_10.png?v=1739784564 | https://gamesir.com/cdn/shop/files/9_c2401b0e-5652-4db5-86a9-aef22625d80c.png?v=1739784845 | https://gamesir.com/cdn/shop/files/1920_11.png?v=1739784564 | https://gamesir.com/cdn/shop/files/10_01587285-9fc0-44aa-88be-7255c660b43f.png?v=1739784845 | https://gamesir.com/cdn/shop/files/lQLPJwajsZu4UI_NBH3NB4CwZnDuXca6yc4HmlGoOYPhAA_1920_1149.png?v=1740103948 | https://gamesir.com/cdn/shop/files/11_68b92d44-139a-4470-8577-f0231f53057b.png?v=1739784845 | https://gamesir.com/cdn/shop/files/626b9b6886075081b16840ac10c50041.png?v=1736850234&width=760,https://gamesir.com/es/collections/all-products-1/products/gamesir-super-nova
GameSir G7 SE Wired Controller for Xbox - White,Precio regular $44.99 USD,Disponible,,"Key Features: Working Platform: Xbox Series X|S, Xbox One and Windows 10/11 Anti-drift Hall Effect sticks Precision-tuned Hall effect analog triggers 2 Quick-latch back buttons Magnetic swappable faceplate Fully software-customizable Quickly Switch profiles on the fly","Working Platform: Xbox Series X|S, Xbox One and Windows 10/11 Connection: Wired, 3m detachable USB-C cable 3.5mm Audio Jack: Yes Micrphone Mute Button: Yes ABXY Buttons: Membrane Hall Effect Sticks: Yes Analog Triggers: Yes, Hall Effect Magnetic Sensors Rumble Motors: Yes, 4 in total, in each grips and triggers Back Buttons: Yes, 2 mappable Back Buttons Back Button Quick Latches: Yes, 2 Customization Software: Yes, GameSir Nexus Battery: No Product Size: 152*103*63 mm / 5.98*4.06*2.48 in Net Weight: 221 g / 0.49 lbs Package Size: 160*118*84 mm / 6.30*4.65*3.31 in Gross Weight: 426.3 g / 0.94 lbs","GameSir G7 SE Xbox Wired Controller | Xbox Controllers | Mobile Controllers | Switch Controllers | PC Controllers | GameSir G7 SE Wired Controller for Xbox - White | Customization Software: Yes, GameSir Nexus | GameSir G7 SE Wired Control... | The Licensed Xbox Controller With Hall Effect Sticks | Join GameSir Discord and seek quick answers from skillful players. | About GameSir | GameSir | GameSir App",https://gamesir.com/cdn/shop/t/64/assets/transparent.png?v=74725729134931200321767515786 | https://gamesir.com/cdn/shop/files/logo_1bbc21e8-a4b0-42a4-b29f-a48959045877.png?v=1737874858&width=600 | https://gamesir.com/cdn/shop/files/SE_8f17c26d-ca9e-4825-bb15-73804a7dcb8d.png?v=1740995964&width=1206 | https://gamesir.com/cdn/shop/files/SE_8f17c26d-ca9e-4825-bb15-73804a7dcb8d.png?v=1740995964&width=200 | https://gamesir.com/cdn/shop/files/4ee0482982cfa89bb4d1cff3333a55e6_f582cc84-c079-454d-a61b-38abe9b8c1a8.png?v=1737613449 | https://gamesir.com/cdn/shop/files/0_f0b23033-0b18-40d5-9b1a-3f95c3781e36.png?v=1737613687 | https://gamesir.com/cdn/shop/files/G7SE-_1_2ecd646e-4a39-4c64-90de-ec37bef5a89b.png?v=1737628303 | https://gamesir.com/cdn/shop/files/1_ff47cfb4-ff6a-48ac-937b-c7ed10dbcf1b.png?v=1737628464 | https://gamesir.com/cdn/shop/files/G7SE-_2_f6d9d65d-3d47-48df-9a71-896a6de75c67.png?v=1737628303 | https://gamesir.com/cdn/shop/files/2_25bacd9e-ea49-4ab5-9cfb-92089b2408d9.png?v=1737628465 | https://gamesir.com/cdn/shop/files/1000_-__05.png?v=1737613244 | https://gamesir.com/cdn/shop/files/G7SE-_3_6d1f57d0-6a15-4262-9750-e8cbfd0c7233.png?v=1737628304 | https://gamesir.com/cdn/shop/files/3_9570f9f5-5596-4849-92a1-62ba6a6b1906.png?v=1737628465 | https://gamesir.com/cdn/shop/files/G7SE-_4_5a4f29a1-a765-48a3-9a29-b7ea4fe85320.png?v=1737628305 | https://gamesir.com/cdn/shop/files/4_18011809-cb2d-4574-9b5d-8fdc3f81308d.png?v=1737628465 | https://gamesir.com/cdn/shop/files/G7SE-_5_8e7ec275-aeaa-4ec8-aab6-ff801083cb69.png?v=1737628302 | https://gamesir.com/cdn/shop/files/5_37b0fd8d-06ed-413f-94d7-1dd296c6eb55.png?v=1737628466 | https://gamesir.com/cdn/shop/files/G7SE-_6-2_a332f133-82ee-424b-8b0e-37aee3888b17.png?v=1737628303 | https://gamesir.com/cdn/shop/files/6_fa98d3af-2c4a-4003-b68c-7bf8ce34a9dc.png?v=1737628465 | https://gamesir.com/cdn/shop/files/626b9b6886075081b16840ac10c50041.png?v=1736850234&width=760,https://gamesir.com/es/collections/all-products-1/products/gamesir-g7-se
GameSir G7 SE  Xbox Wired Controller - Dynamic Blue,Precio regular $44.99 USD,Disponible,,"Key Features: Working Platform: Xbox Series X|S, Xbox One and Windows 10/11 Anti-drift Hall Effect sticks Precision-tuned Hall effect analog triggers 2 Quick-latch back buttons Magnetic swappable faceplate Fully software-customizable Quickly Switch profiles on the fly","Working Platform: Xbox Series X|S, Xbox One and Windows 10/11 Connection: Wired, 3m detachable USB-C cable 3.5mm Audio Jack: Yes Micrphone Mute Button: Yes ABXY Buttons: Membrane Hall Effect Sticks: Yes Analog Triggers: Yes, Hall Effect Magnetic Sensors Rumble Motors: Yes, 4 in total, in each grips and triggers Back Buttons: Yes, 2 mappable Back Buttons Back Button Quick Latches: Yes, 2 Customization Software: Yes, GameSir Nexus Battery: No Product Size: 152*103*63 mm / 5.98*4.06*2.48 in Net Weight: 221 g / 0.49 lbs Package Size: 160*118*84 mm / 6.30*4.65*3.31 in Gross Weight: 426.3 g / 0.94 lbs","GameSir G7 SE Xbox Wired Controller - Dynamic Blue | Xbox Controllers | Mobile Controllers | Switch Controllers | PC Controllers | GameSir G7 SE  Xbox Wired Controller - Dynamic Blue | Customization Software: Yes, GameSir Nexus | GameSir G7 SE  Xbox Wired C... | Join GameSir Discord and seek quick answers from skillful players. | About GameSir | GameSir | GameSir App",https://gamesir.com/cdn/shop/t/64/assets/transparent.png?v=74725729134931200321767515786 | https://gamesir.com/cdn/shop/files/logo_1bbc21e8-a4b0-42a4-b29f-a48959045877.png?v=1737874858&width=600 | https://gamesir.com/cdn/shop/files/SE_cf0ca21b-f5a2-4e92-ae98-dda10ea10d52.png?v=1741002347&width=1206 | https://gamesir.com/cdn/shop/files/SE_cf0ca21b-f5a2-4e92-ae98-dda10ea10d52.png?v=1741002347&width=200 | https://gamesir.com/cdn/shop/files/cab168557646811b10d8816e3f3e0171_d872a917-fe06-4486-acd1-e72c2444e8e7.png?v=1737613257 | https://gamesir.com/cdn/shop/files/1000_-__01.png?v=1737613243 | https://gamesir.com/cdn/shop/files/1_4eed59d7-509a-4a0a-bec5-2456c4b581c1.png?v=1737613247 | https://gamesir.com/cdn/shop/files/1000_-__02.png?v=1737613245 | https://gamesir.com/cdn/shop/files/2_01eec313-e962-455a-b71f-a5a03f95827f.png?v=1737613260 | https://gamesir.com/cdn/shop/files/1000_-__03.png?v=1737613245 | https://gamesir.com/cdn/shop/files/3_78c6eefe-d600-42b2-b450-05e000d1590f.png?v=1737613999 | https://gamesir.com/cdn/shop/files/1000_-__04.png?v=1737613243 | https://gamesir.com/cdn/shop/files/1000_-__05.png?v=1737613244 | https://gamesir.com/cdn/shop/files/4_694739cb-47fd-43d6-b943-28031e71ee9b.png?v=1737614120 | https://gamesir.com/cdn/shop/files/1000_-__06.png?v=1737613245 | https://gamesir.com/cdn/shop/files/5_54928bd8-a04e-4f1c-b2b2-b1874726640b.png?v=1737613256 | https://gamesir.com/cdn/shop/files/1000_-__07.png?v=1737613244 | https://gamesir.com/cdn/shop/files/6_9b359ce8-98a1-4fc9-a852-ab193c08814b.png?v=1737613255 | https://gamesir.com/cdn/shop/files/1000_-__08.png?v=1737613244 | https://gamesir.com/cdn/shop/files/7_d027a9b0-7782-4abd-97a0-93e9a7dfecbb.png?v=1737614502 | https://gamesir.com/cdn/shop/files/1000_-__09.png?v=1737613245 | https://gamesir.com/cdn/shop/files/626b9b6886075081b16840ac10c50041.png?v=1736850234&width=760,https://gamesir.com/es/collections/all-products-1/products/g7-se-multi-color
GameSir G7 SE Xbox Wired Controller - Radiant Purple,Precio regular $44.99 USD,Disponible,,"Key Features: Working Platform: Xbox Series X|S, Xbox One and Windows 10/11 Anti-drift Hall Effect sticks Precision-tuned Hall effect analog triggers 2 Quick-latch back buttons Magnetic swappable faceplate Fully software-customizable Quickly Switch profiles on the fly","Working Platform: Xbox Series X|S, Xbox One and Windows 10/11 Connection: Wired, 3m detachable USB-C cable 3.5mm Audio Jack: Yes Micrphone Mute Button: Yes ABXY Buttons: Membrane Hall Effect Sticks: Yes Analog Triggers: Yes, Hall Effect Magnetic Sensors Rumble Motors: Yes, 4 in total, in each grips and triggers Back Buttons: Yes, 2 mappable Back Buttons Back Button Quick Latches: Yes, 2 Customization Software: Yes, GameSir Nexus Battery: No Product Size: 152*103*63 mm / 5.98*4.06*2.48 in Net Weight: 221 g / 0.49 lbs Package Size: 160*118*84 mm / 6.30*4.65*3.31 in Gross Weight: 426.3 g / 0.94 lbs","GameSir G7 SE Xbox Wired Controller - Radiant Purple | Xbox Controllers | Mobile Controllers | Switch Controllers | PC Controllers | Customization Software: Yes, GameSir Nexus | GameSir G7 SE Xbox Wired Co... | Join GameSir Discord and seek quick answers from skillful players. | About GameSir | GameSir | GameSir App",https://gamesir.com/cdn/shop/t/64/assets/transparent.png?v=74725729134931200321767515786 | https://gamesir.com/cdn/shop/files/logo_1bbc21e8-a4b0-42a4-b29f-a48959045877.png?v=1737874858&width=600 | https://gamesir.com/cdn/shop/files/SE_94986e41-cde6-446b-a25c-01f1fb3d815f.png?v=1741247392&width=1206 | https://gamesir.com/cdn/shop/files/SE_94986e41-cde6-446b-a25c-01f1fb3d815f.png?v=1741247392&width=200 | https://gamesir.com/cdn/shop/files/cab168557646811b10d8816e3f3e0171_d872a917-fe06-4486-acd1-e72c2444e8e7.png?v=1737613257 | https://gamesir.com/cdn/shop/files/1000_-__01.png?v=1737613243 | https://gamesir.com/cdn/shop/files/1_4eed59d7-509a-4a0a-bec5-2456c4b581c1.png?v=1737613247 | https://gamesir.com/cdn/shop/files/1000_-__02.png?v=1737613245 | https://gamesir.com/cdn/shop/files/2_01eec313-e962-455a-b71f-a5a03f95827f.png?v=1737613260 | https://gamesir.com/cdn/shop/files/1000_-__03.png?v=1737613245 | https://gamesir.com/cdn/shop/files/3_78c6eefe-d600-42b2-b450-05e000d1590f.png?v=1737613999 | https://gamesir.com/cdn/shop/files/1000_-__04.png?v=1737613243 | https://gamesir.com/cdn/shop/files/1000_-__05.png?v=1737613244 | https://gamesir.com/cdn/shop/files/4_694739cb-47fd-43d6-b943-28031e71ee9b.png?v=1737614120 | https://gamesir.com/cdn/shop/files/1000_-__06.png?v=1737613245 | https://gamesir.com/cdn/shop/files/5_54928bd8-a04e-4f1c-b2b2-b1874726640b.png?v=1737613256 | https://gamesir.com/cdn/shop/files/1000_-__07.png?v=1737613244 | https://gamesir.com/cdn/shop/files/6_9b359ce8-98a1-4fc9-a852-ab193c08814b.png?v=1737613255 | https://gamesir.com/cdn/shop/files/1000_-__08.png?v=1737613244 | https://gamesir.com/cdn/shop/files/7_d027a9b0-7782-4abd-97a0-93e9a7dfecbb.png?v=1737614502 | https://gamesir.com/cdn/shop/files/1000_-__09.png?v=1737613245 | https://gamesir.com/cdn/shop/files/626b9b6886075081b16840ac10c50041.png?v=1736850234&width=760,https://gamesir.com/es/collections/all-products-1/products/gamesir-g7-se-radiant-purple
GameSir G7 SE  Xbox Wired Controller - Vibrant Orange,Precio regular $44.99 USD,Disponible,,"Key Features: Working Platform: Xbox Series X|S, Xbox One and Windows 10/11 Anti-drift Hall Effect sticks Precision-tuned Hall effect analog triggers 2 Quick-latch back buttons Magnetic swappable faceplate Fully software-customizable Quickly Switch profiles on the fly","Working Platform: Xbox Series X|S, Xbox One and Windows 10/11 Connection: Wired, 3m detachable USB-C cable 3.5mm Audio Jack: Yes Micrphone Mute Button: Yes ABXY Buttons: Membrane Hall Effect Sticks: Yes Analog Triggers: Yes, Hall Effect Magnetic Sensors Rumble Motors: Yes, 4 in total, in each grips and triggers Back Buttons: Yes, 2 mappable Back Buttons Back Button Quick Latches: Yes, 2 Customization Software: Yes, GameSir Nexus Battery: No Product Size: 152*103*63 mm / 5.98*4.06*2.48 in Net Weight: 221 g / 0.49 lbs Package Size: 160*118*84 mm / 6.30*4.65*3.31 in Gross Weight: 426.3 g / 0.94 lbs","GameSir G7 SE Xbox Wired Controller - Vibrant Orange | Xbox Controllers | Mobile Controllers | Switch Controllers | PC Controllers | GameSir G7 SE  Xbox Wired Controller - Vibrant Orange | Customization Software: Yes, GameSir Nexus | GameSir G7 SE  Xbox Wired C... | Join GameSir Discord and seek quick answers from skillful players. | About GameSir | GameSir | GameSir App",https://gamesir.com/cdn/shop/t/64/assets/transparent.png?v=74725729134931200321767515786 | https://gamesir.com/cdn/shop/files/logo_1bbc21e8-a4b0-42a4-b29f-a48959045877.png?v=1737874858&width=600 | https://gamesir.com/cdn/shop/files/SE_caa038d5-2020-4fd4-b032-7c9ce48e4d6f.png?v=1741001679&width=1206 | https://gamesir.com/cdn/shop/files/SE_caa038d5-2020-4fd4-b032-7c9ce48e4d6f.png?v=1741001679&width=200 | https://gamesir.com/cdn/shop/files/cab168557646811b10d8816e3f3e0171_d872a917-fe06-4486-acd1-e72c2444e8e7.png?v=1737613257 | https://gamesir.com/cdn/shop/files/1000_-__01.png?v=1737613243 | https://gamesir.com/cdn/shop/files/1_4eed59d7-509a-4a0a-bec5-2456c4b581c1.png?v=1737613247 | https://gamesir.com/cdn/shop/files/1000_-__02.png?v=1737613245 | https://gamesir.com/cdn/shop/files/2_01eec313-e962-455a-b71f-a5a03f95827f.png?v=1737613260 | https://gamesir.com/cdn/shop/files/1000_-__03.png?v=1737613245 | https://gamesir.com/cdn/shop/files/3_78c6eefe-d600-42b2-b450-05e000d1590f.png?v=1737613999 | https://gamesir.com/cdn/shop/files/1000_-__04.png?v=1737613243 | https://gamesir.com/cdn/shop/files/1000_-__05.png?v=1737613244 | https://gamesir.com/cdn/shop/files/4_694739cb-47fd-43d6-b943-28031e71ee9b.png?v=1737614120 | https://gamesir.com/cdn/shop/files/1000_-__06.png?v=1737613245 | https://gamesir.com/cdn/shop/files/5_54928bd8-a04e-4f1c-b2b2-b1874726640b.png?v=1737613256 | https://gamesir.com/cdn/shop/files/1000_-__07.png?v=1737613244 | https://gamesir.com/cdn/shop/files/6_9b359ce8-98a1-4fc9-a852-ab193c08814b.png?v=1737613255 | https://gamesir.com/cdn/shop/files/1000_-__08.png?v=1737613244 | https://gamesir.com/cdn/shop/files/7_d027a9b0-7782-4abd-97a0-93e9a7dfecbb.png?v=1737614502 | https://gamesir.com/cdn/shop/files/1000_-__09.png?v=1737613245 | https://gamesir.com/cdn/shop/files/626b9b6886075081b16840ac10c50041.png?v=1736850234&width=760,https://gamesir.com/es/collections/all-products-1/products/gamesir-g7-se-vibrant-orange
GameSir G7 HE Xbox Wired Controller - Black,Precio regular $49.99 USD,Disponible,Black,"Key Features: GameSir™ Hall Effect Stick & Hall Effect Magnetic Trigger 1.3 million lifespan face buttons Hyper-realistic Rumble Motors Magnetic Swappable Faceplate with Painting Support 3.5mm Headphone Jack and Microphone Mute Button 2 Remapping Back Buttons: Widely support remapping functions with almost every button on the controller, adding more control options to your gaming.","Working Platform: Xbox Series X|S, Xbox One X|S, Steam and Windows 10/11 Connection: Wired, 3m detachable USB-C cable 3.5mm Audio Jack: Yes Microphone Mute Button: Yes Micro Switch Buttons: Yes, ABXY Analog Triggers: Yes, Hall Effect Magnetic Sensors Hall Effect sticks: Yes, GameSir™ Rumble Motors: Yes, 4 in total, in each grip and trigger Back Buttons: Yes, 2 remappable Back Buttons Customization Software: Yes, GameSir Nexus Battery: No Color: Black Product Size: 152*103*63 mm / 5.98*4.06*2.48 in Net Weight: 227 g / 0.5 lbs Package Size: 160*118*84 mm / 6.30*4.65*3.31 in Gross Weight: 435 g / 0.96 lbs","GameSir G7 HE Xbox Wired Controller - Precise Gaming Control | Xbox Controllers | Mobile Controllers | Switch Controllers | PC Controllers | GameSir G7 HE Xbox Wired Controller - Black | GameSir™ Hall Effect Stick & Hall Effect Magnetic Trigger | Hall Effect sticks: Yes, GameSir™ | Customization Software: Yes, GameSir Nexus | GameSir G7 HE Xbox Wired Co... | Join GameSir Discord and seek quick answers from skillful players. | About GameSir | GameSir | GameSir App",https://gamesir.com/cdn/shop/t/64/assets/transparent.png?v=74725729134931200321767515786 | https://gamesir.com/cdn/shop/files/logo_1bbc21e8-a4b0-42a4-b29f-a48959045877.png?v=1737874858&width=600 | https://gamesir.com/cdn/shop/files/HE_e12b9407-62f4-416b-9184-0e7fc70b9fb4.png?v=1741247450&width=1206 | https://gamesir.com/cdn/shop/files/HE_e12b9407-62f4-416b-9184-0e7fc70b9fb4.png?v=1741247450&width=200 | https://gamesir.com/cdn/shop/files/1_0fa73960-9b9c-4abd-9fe3-0b1b6c426633.png?v=1737615101 | https://gamesir.com/cdn/shop/files/1_0b9b362c-058e-494f-8cc3-c456cf9d7ab1.png?v=1737615688 | https://gamesir.com/cdn/shop/files/1_8858974a-30e9-49f3-b625-cca1d4adc7c4.png?v=1737615434 | https://gamesir.com/cdn/shop/files/2_4aa4b69a-a1a0-4706-b571-0f7a08402672.png?v=1737615097 | https://gamesir.com/cdn/shop/files/2_c0e2bad2-f870-4a9b-8d6c-36ed3b748619.png?v=1737615716 | https://gamesir.com/cdn/shop/files/1_723ec728-939b-4f5b-b96f-bc6f163f07b8.png?v=1737615477 | https://gamesir.com/cdn/shop/files/G7HE___1000__03.png?v=1737615745 | https://gamesir.com/cdn/shop/files/G7HE___1000__04.png?v=1737615765 | https://gamesir.com/cdn/shop/files/5_ae0a63d2-159f-42e0-b6f5-bc3aa000245a.png?v=1737615098 | https://gamesir.com/cdn/shop/files/5_f447b19f-1d4d-43cc-803d-bc4d484561d1.png?v=1737615795 | https://gamesir.com/cdn/shop/files/6_0e10aca8-8bbd-4785-81e4-f1d08098812b.png?v=1737615098 | https://gamesir.com/cdn/shop/files/6_6b1e02b1-bbd7-49c3-81c5-323e8835174f.png?v=1737615808 | https://gamesir.com/cdn/shop/files/7_1c38fbff-d0fe-4182-9586-e666cd1075ab.png?v=1737615101 | https://gamesir.com/cdn/shop/files/7_3f7a00a5-d313-4a50-9e64-cc026881b6db.png?v=1737615808 | https://gamesir.com/cdn/shop/files/1_2_24d50e2b-5dd8-4fc4-a720-76414821e76e.png?v=1737615485 | https://gamesir.com/cdn/shop/files/G7HE___1000__08.png?v=1737615864 | https://gamesir.com/cdn/shop/files/9_f76ca714-d2d5-48c4-b8f8-f28944b4ea4f.png?v=1737615100 | https://gamesir.com/cdn/shop/files/9_1da48a1a-47c1-4c7f-a5e9-28136821e4a8.png?v=1737615808 | https://gamesir.com/cdn/shop/files/626b9b6886075081b16840ac10c50041.png?v=1736850234&width=760,https://gamesir.com/es/collections/all-products-1/products/gamesir-g7-he-xbox-controller
GameSir G7 HE Xbox Wired Controller - White,Precio regular $49.99 USD,Disponible,Black,"Key Features: GameSir™ Hall Effect Stick & Hall Effect Magnetic Trigger 1.3 million lifespan face buttons Hyper-realistic Rumble Motors Magnetic Swappable Faceplate with Painting Support 3.5mm Headphone Jack and Microphone Mute Button 2 Remapping Back Buttons: Widely support remapping functions with almost every button on the controller, adding more control options to your gaming.","Working Platform: Xbox Series X|S, Xbox One X|S, Steam and Windows 10/11 Connection: Wired, 3m detachable USB-C cable 3.5mm Audio Jack: Yes Microphone Mute Button: Yes Micro Switch Buttons: Yes, ABXY Analog Triggers: Yes, Hall Effect Magnetic Sensors Hall Effect sticks: Yes, GameSir™ Rumble Motors: Yes, 4 in total, in each grip and trigger Back Buttons: Yes, 2 remappable Back Buttons Customization Software: Yes, GameSir Nexus Battery: No Color: Black Product Size: 152*103*63 mm / 5.98*4.06*2.48 in Net Weight: 227 g / 0.5 lbs Package Size: 160*118*84 mm / 6.30*4.65*3.31 in Gross Weight: 435 g / 0.96 lbs","GameSir G7 HE Xbox Wired Controller - White | Xbox Controllers | Mobile Controllers | Switch Controllers | PC Controllers | GameSir™ Hall Effect Stick & Hall Effect Magnetic Trigger | Hall Effect sticks: Yes, GameSir™ | Customization Software: Yes, GameSir Nexus | GameSir G7 HE Xbox Wired Co... | Join GameSir Discord and seek quick answers from skillful players. | About GameSir | GameSir | GameSir App",https://gamesir.com/cdn/shop/t/64/assets/transparent.png?v=74725729134931200321767515786 | https://gamesir.com/cdn/shop/files/logo_1bbc21e8-a4b0-42a4-b29f-a48959045877.png?v=1737874858&width=600 | https://gamesir.com/cdn/shop/files/HE_8ccf6639-5af8-4173-9991-bb303c569222.png?v=1741000995&width=1206 | https://gamesir.com/cdn/shop/files/HE_8ccf6639-5af8-4173-9991-bb303c569222.png?v=1741000995&width=200 | https://gamesir.com/cdn/shop/files/1_0fa73960-9b9c-4abd-9fe3-0b1b6c426633.png?v=1737615101 | https://gamesir.com/cdn/shop/files/1_0b9b362c-058e-494f-8cc3-c456cf9d7ab1.png?v=1737615688 | https://gamesir.com/cdn/shop/files/1_8858974a-30e9-49f3-b625-cca1d4adc7c4.png?v=1737615434 | https://gamesir.com/cdn/shop/files/2_4aa4b69a-a1a0-4706-b571-0f7a08402672.png?v=1737615097 | https://gamesir.com/cdn/shop/files/2_c0e2bad2-f870-4a9b-8d6c-36ed3b748619.png?v=1737615716 | https://gamesir.com/cdn/shop/files/1_723ec728-939b-4f5b-b96f-bc6f163f07b8.png?v=1737615477 | https://gamesir.com/cdn/shop/files/G7HE___1000__03.png?v=1737615745 | https://gamesir.com/cdn/shop/files/G7HE___1000__04.png?v=1737615765 | https://gamesir.com/cdn/shop/files/5_ae0a63d2-159f-42e0-b6f5-bc3aa000245a.png?v=1737615098 | https://gamesir.com/cdn/shop/files/5_f447b19f-1d4d-43cc-803d-bc4d484561d1.png?v=1737615795 | https://gamesir.com/cdn/shop/files/6_0e10aca8-8bbd-4785-81e4-f1d08098812b.png?v=1737615098 | https://gamesir.com/cdn/shop/files/6_6b1e02b1-bbd7-49c3-81c5-323e8835174f.png?v=1737615808 | https://gamesir.com/cdn/shop/files/7_1c38fbff-d0fe-4182-9586-e666cd1075ab.png?v=1737615101 | https://gamesir.com/cdn/shop/files/7_3f7a00a5-d313-4a50-9e64-cc026881b6db.png?v=1737615808 | https://gamesir.com/cdn/shop/files/1_2_24d50e2b-5dd8-4fc4-a720-76414821e76e.png?v=1737615485 | https://gamesir.com/cdn/shop/files/G7HE___1000__08.png?v=1737615864 | https://gamesir.com/cdn/shop/files/9_f76ca714-d2d5-48c4-b8f8-f28944b4ea4f.png?v=1737615100 | https://gamesir.com/cdn/shop/files/9_1da48a1a-47c1-4c7f-a5e9-28136821e4a8.png?v=1737615808 | https://gamesir.com/cdn/shop/files/626b9b6886075081b16840ac10c50041.png?v=1736850234&width=760,https://gamesir.com/es/collections/all-products-1/products/gamesir-g7-he-xbox-controller-white
GameSir Kaleid Flux Xbox Wired Controller,Precio regular $46.99 USD,Disponible,,Key Features: GameSir™ Hall Effect sensing sticks Precision-tuned Hall Effect analog triggers Four distinct motors Fully software-customizable Switch to hair trigger mode quickly Customize your gaming experience Easier. Faster. Fire. Comfort. Control. Compete,"Working Platform: Xbox Series X|S, Xbox One, Windows 10/11 and Steam Connection: Wired, 3m detachable USB-C cable 3.5mm Audio Jack: Yes Microphone Mute Function: Yes Hall Effect Sticks: Yes, Hall Effect Magnetic Sensors Analog Triggers: Yes, Hall Effect Magnetic Sensors Rumble Motors: Yes, 4 in total, one in each grip and trigger ABXY Buttons: Membrane Back Buttons: Yes, 2 Customization Software: Yes, GameSir Nexus Battery: No Product Size: 156*107*60 mm / 6.14*4.21*2.36 in Net Weight: 213 g / 0.47 lbs Package Size: 160*118*84 mm / 6.30*4.65*3.31 in Gross Weight: 393 g / 0.87 lbs","GameSir Kaleid Flux Xbox Wired Controller | Xbox Controllers | Mobile Controllers | Switch Controllers | PC Controllers | GameSir™ Hall Effect sensing sticks | Customization Software: Yes, GameSir Nexus | GameSir Kaleid Flux Xbox Wi... | Join GameSir Discord and seek quick answers from skillful players. | About GameSir | GameSir | GameSir App",https://gamesir.com/cdn/shop/t/64/assets/transparent.png?v=74725729134931200321767515786 | https://gamesir.com/cdn/shop/files/logo_1bbc21e8-a4b0-42a4-b29f-a48959045877.png?v=1737874858&width=600 | https://gamesir.com/cdn/shop/files/K1_flux_63a5fcac-6c1e-47f6-af8e-2b70d075b644.png?v=1740996302&width=1206 | https://gamesir.com/cdn/shop/files/K1_flux_63a5fcac-6c1e-47f6-af8e-2b70d075b644.png?v=1740996302&width=200 | https://gamesir.com/cdn/shop/files/K1_-__01.jpg?v=1737555373 | https://gamesir.com/cdn/shop/files/K1_146690d0-412c-47b8-808a-16fe0c981f8f.jpg?v=1737555350 | https://gamesir.com/cdn/shop/files/K1-_-8_d0f5d67f-875c-4e6e-b27d-d5f5759fc435.jpg?v=1737616614 | https://gamesir.com/cdn/shop/files/K1_-__02.jpg?v=1737555376 | https://gamesir.com/cdn/shop/files/K1_flux-_-1.jpg?v=1737555347 | https://gamesir.com/cdn/shop/files/K1_-__03.jpg?v=1737555375 | https://gamesir.com/cdn/shop/files/K1_flux-_-2.jpg?v=1737555347 | https://gamesir.com/cdn/shop/files/K1_-__04.jpg?v=1737555375 | https://gamesir.com/cdn/shop/files/k1-_-2-2.jpg?v=1737555347 | https://gamesir.com/cdn/shop/files/K1_-__05.jpg?v=1737555376 | https://gamesir.com/cdn/shop/files/K1-_-3.jpg?v=1737555347 | https://gamesir.com/cdn/shop/files/K1_-__06.jpg?v=1737555376 | https://gamesir.com/cdn/shop/files/K1-_-4.jpg?v=1737555348 | https://gamesir.com/cdn/shop/files/K1_-__07.jpg?v=1737555376 | https://gamesir.com/cdn/shop/files/K1-_-5.jpg?v=1737555346 | https://gamesir.com/cdn/shop/files/K1_-__08.jpg?v=1737555377 | https://gamesir.com/cdn/shop/files/K1_48ad3391-26df-4b03-948c-ba3f3c163700.jpg?v=1737555347 | https://gamesir.com/cdn/shop/files/K1_-__09.jpg?v=1737555377 | https://gamesir.com/cdn/shop/files/K1-_-6.jpg?v=1737555346 | https://gamesir.com/cdn/shop/files/K1-_-7_0ca021cf-b22e-4fcc-bab3-2bed4ccb1c64.jpg?v=1737616691 | https://gamesir.com/cdn/shop/files/626b9b6886075081b16840ac10c50041.png?v=1736850234&width=760,https://gamesir.com/es/collections/all-products-1/products/gamesir-kaleid-flux-xbox-controller
GameSir Kaleid Wired Transparent RGB Gaming Controller for Xbox,Precio regular $49.99 USD,Disponible,,Key Features: GameSir™ Hall Effect sensing sticks Precision-tuned Hall Effect analog triggers Four distinct motors Fully software-customizable Switch to hair trigger mode quickly Customize your gaming experience Easier. Faster. Fire. Comfort. Control. Compete,"Working Platform: Xbox Series X|S, Xbox One, Windows 10/11 and Steam Connection: Wired, 3m detachable USB-C cable 3.5mm Audio Jack: Yes Microphone Mute Function: Yes Hall Effect Sticks: Yes, Hall Effect Magnetic Sensors Analog Triggers: Yes, Hall Effect Magnetic Sensors Rumble Motors: Yes, 4 in total, one in each grip and trigger ABXY Buttons: Microswitch Back Buttons: Yes, 2 Customization Software: Yes, GameSir Nexus Battery: No Product Size: 156*107*60 mm / 6.14*4.21*2.36 in Net Weight: 213 g / 0.47 lbs Package Size: 160*118*84 mm / 6.30*4.65*3.31 in Gross Weight: 393 g / 0.87 lbs","GameSir Kaleid Xbox Wired Controller | Xbox Controllers | Mobile Controllers | Switch Controllers | PC Controllers | GameSir Kaleid Wired Transparent RGB Gaming Controller for Xbox | GameSir™ Hall Effect sensing sticks | Customization Software: Yes, GameSir Nexus | GameSir Kaleid Wired Transp... | Join GameSir Discord and seek quick answers from skillful players. | About GameSir | GameSir | GameSir App",https://gamesir.com/cdn/shop/t/64/assets/transparent.png?v=74725729134931200321767515786 | https://gamesir.com/cdn/shop/files/logo_1bbc21e8-a4b0-42a4-b29f-a48959045877.png?v=1737874858&width=600 | https://gamesir.com/cdn/shop/files/K1_cd99fd7f-d5c4-4bf1-84ec-a13659cc8bfb.png?v=1740996301&width=1206 | https://gamesir.com/cdn/shop/files/K1_cd99fd7f-d5c4-4bf1-84ec-a13659cc8bfb.png?v=1740996301&width=200 | https://gamesir.com/cdn/shop/files/K1-__01_40a6d72a-80a4-48e5-8dfc-0342cc262706.jpg?v=1737555928 | https://gamesir.com/cdn/shop/files/K1_77ce5de7-2a77-4f93-a594-fbfe4f90be73.jpg?v=1737555937 | https://gamesir.com/cdn/shop/files/K1-__02_7a7621b4-5461-4fe4-9b9a-3f568aa869cc.jpg?v=1737555923 | https://gamesir.com/cdn/shop/files/K1-_-8_28073011-bdab-435d-93e1-f3c9739b981f.jpg?v=1737556516 | https://gamesir.com/cdn/shop/files/K1-__03_f3922750-8be2-4891-8d94-6421285e44cf.jpg?v=1737555927 | https://gamesir.com/cdn/shop/files/K1-_-1.jpg?v=1737555934 | https://gamesir.com/cdn/shop/files/K1-_-2.jpg?v=1737555933 | https://gamesir.com/cdn/shop/files/K1-__04_1b736b74-36b9-4ac5-a6cd-2485619ea328.jpg?v=1737555927 | https://gamesir.com/cdn/shop/files/K1-_-3_dbef1e36-f168-4a96-97be-8dca606b6ee2.jpg?v=1737555935 | https://gamesir.com/cdn/shop/files/K1-__05_6ebb1530-cbe1-4ca9-8f1b-d6288402bef4.jpg?v=1737555927 | https://gamesir.com/cdn/shop/files/K1-_-4_d7e44279-210b-4a34-9b48-890e46d04f4c.jpg?v=1737555935 | https://gamesir.com/cdn/shop/files/K1-__06_534b74f6-edc8-4137-9e1a-b18b2c4c62bf.jpg?v=1737555924 | https://gamesir.com/cdn/shop/files/K1-_-5_4b63d40f-84c4-46f4-9487-7ed4ed8b8453.jpg?v=1737555935 | https://gamesir.com/cdn/shop/files/K1-__07_57a1ba3b-0369-4848-aaa3-806e700635b8.jpg?v=1737555927 | https://gamesir.com/cdn/shop/files/K1_d715d3d4-2581-42fa-a300-aa05ebd0c2da.jpg?v=1737616645 | https://gamesir.com/cdn/shop/files/K1-__08_6fcca192-4186-4654-86d6-502c7490764a.jpg?v=1737555926 | https://gamesir.com/cdn/shop/files/K1-_-6_6eddbe94-75e2-4948-9e40-696807dea9f0.jpg?v=1737555933 | https://gamesir.com/cdn/shop/files/K1-_-7_6f70dd1b-c92d-4fe2-8914-5bcbc574f582.jpg?v=1737616190 | https://gamesir.com/cdn/shop/files/626b9b6886075081b16840ac10c50041.png?v=1736850234&width=760,https://gamesir.com/es/collections/all-products-1/products/gamesir-kaleid-xbox-controller
GameSir G7 SE Controller with Interchangeable Joystick Caps - Xbox/PC Gaming Bundle,Precio regular $54.99 USD,Disponible,,"Key Features: Working Platform: Xbox Series X|S, Xbox One and Windows 10/11 Anti-drift Hall Effect sticks Precision-tuned Hall effect analog triggers 2 Quick-latch back buttons Magnetic swappable faceplate Fully software-customizable Quickly Switch profiles on the fly","Working Platform: Xbox Series X|S, Xbox One and Windows 10/11 Connection: Wired, 3m detachable USB-C cable 3.5mm Audio Jack: Yes Micrphone Mute Button: Yes ABXY Buttons: Membrane Hall Effect Sticks: Yes Analog Triggers: Yes, Hall Effect Magnetic Sensors Rumble Motors: Yes, 4 in total, in each grips and triggers Back Buttons: Yes, 2 mappable Back Buttons Back Button Quick Latches: Yes, 2 Customization Software: Yes, GameSir Nexus Battery: No Product Size: 152*103*63 mm / 5.98*4.06*2.48 in Net Weight: 221 g / 0.49 lbs Package Size: 160*118*84 mm / 6.30*4.65*3.31 in Gross Weight: 426.3 g / 0.94 lbs","GameSir G7 SE with Joystick Caps - Xbox/PC Gaming Bundle | Xbox Controllers | Mobile Controllers | Switch Controllers | PC Controllers | GameSir G7 SE Controller with Interchangeable Joystick Caps - Xbox/PC Gaming Bundle | Customization Software: Yes, GameSir Nexus | GameSir G7 SE Controller wi... | The Licensed Xbox Controller With Hall Effect Sticks | Join GameSir Discord and seek quick answers from skillful players. | About GameSir | GameSir | GameSir App",https://gamesir.com/cdn/shop/t/64/assets/transparent.png?v=74725729134931200321767515786 | https://gamesir.com/cdn/shop/files/logo_1bbc21e8-a4b0-42a4-b29f-a48959045877.png?v=1737874858&width=600 | https://gamesir.com/cdn/shop/files/1_93ed4065-7933-47ec-867e-53ad08d199ea.png?v=1741173102&width=1206 | https://gamesir.com/cdn/shop/files/1_93ed4065-7933-47ec-867e-53ad08d199ea.png?v=1741173102&width=200 | https://gamesir.com/cdn/shop/files/4ee0482982cfa89bb4d1cff3333a55e6_f582cc84-c079-454d-a61b-38abe9b8c1a8.png?v=1737613449 | https://gamesir.com/cdn/shop/files/0_f0b23033-0b18-40d5-9b1a-3f95c3781e36.png?v=1737613687 | https://gamesir.com/cdn/shop/files/G7SE-_1_2ecd646e-4a39-4c64-90de-ec37bef5a89b.png?v=1737628303 | https://gamesir.com/cdn/shop/files/1_ff47cfb4-ff6a-48ac-937b-c7ed10dbcf1b.png?v=1737628464 | https://gamesir.com/cdn/shop/files/G7SE-_2_f6d9d65d-3d47-48df-9a71-896a6de75c67.png?v=1737628303 | https://gamesir.com/cdn/shop/files/2_25bacd9e-ea49-4ab5-9cfb-92089b2408d9.png?v=1737628465 | https://gamesir.com/cdn/shop/files/1000_-__05.png?v=1737613244 | https://gamesir.com/cdn/shop/files/G7SE-_3_6d1f57d0-6a15-4262-9750-e8cbfd0c7233.png?v=1737628304 | https://gamesir.com/cdn/shop/files/3_9570f9f5-5596-4849-92a1-62ba6a6b1906.png?v=1737628465 | https://gamesir.com/cdn/shop/files/G7SE-_4_5a4f29a1-a765-48a3-9a29-b7ea4fe85320.png?v=1737628305 | https://gamesir.com/cdn/shop/files/4_18011809-cb2d-4574-9b5d-8fdc3f81308d.png?v=1737628465 | https://gamesir.com/cdn/shop/files/G7SE-_5_8e7ec275-aeaa-4ec8-aab6-ff801083cb69.png?v=1737628302 | https://gamesir.com/cdn/shop/files/5_37b0fd8d-06ed-413f-94d7-1dd296c6eb55.png?v=1737628466 | https://gamesir.com/cdn/shop/files/G7SE-_6-2_a332f133-82ee-424b-8b0e-37aee3888b17.png?v=1737628303 | https://gamesir.com/cdn/shop/files/6_fa98d3af-2c4a-4003-b68c-7bf8ce34a9dc.png?v=1737628465 | https://gamesir.com/cdn/shop/files/626b9b6886075081b16840ac10c50041.png?v=1736850234&width=760,https://gamesir.com/es/collections/all-products-1/products/g7-se-joystick-caps
GameSir Tarantula Pro Multiplatform Controller,Precio regular $69.99 USD,Disponible,,Key Features: Tri-mode connectivity Multi-platform compatibility Precise and Durable: Elevate Your Gameplay with GameSir Tech HD Rumble for realistic and immersive haptic feedback Gyroscope and NFC highly support Switch Fully customization for diverse gaming habits Software Customization: Tailor The Controller to Your Needs,"Compatible Models : PC, Switch, iOS, Android, and Steam Connection: Wired, Bluetooth, Wireless Dongle Battery: 1200mAh Sticks: GameSir Mag-ResTM TMR Sticks Triggers: Hall Effect or Micro Switch 6-axis Gyroscope: Yes Motors: HD Rumble ABXY Buttons: Membrane Back Buttons: Yes, 2 Back Buttons Mappable Buttons: 9 buttons in total Customization Software: Yes, GameSir Connect and GameSir app Bundle Edition: Product Size: 158*100*61 mm / 6.22*3.94*2.40 in Net Weight: 325 g / 0.72 lbs Package Size: 203*186*101 mm / 7.99*7.32*3.98 in Gross Weight: 740 g / 1.63 lbs Standard Edition: Product Size: 158*100*61mm / 6.22*3.94*2.40in Net Weight: 263g / 0.58lbs Package Size: 192*137*96mm / 7.56*5.39*3.78in Gross Weight: 490g / 1.08lbs","GameSir Tarantula Pro Multiplatform Gaming Controller | Xbox Controllers | Mobile Controllers | Switch Controllers | PC Controllers | GameSir Tarantula Pro Multiplatform Controller | Precise and Durable: Elevate Your Gameplay with GameSir Tech | Software Customization: Tailor The Controller to Your Needs | Sticks: GameSir Mag-ResTM TMR Sticks | Customization Software: Yes, GameSir Connect and GameSir app | GameSir Tarantula Pro Multi... | Join GameSir Discord and seek quick answers from skillful players. | About GameSir | GameSir | GameSir App",https://gamesir.com/cdn/shop/t/64/assets/transparent.png?v=74725729134931200321767515786 | https://gamesir.com/cdn/shop/files/logo_1bbc21e8-a4b0-42a4-b29f-a48959045877.png?v=1737874858&width=600 | https://gamesir.com/cdn/shop/files/1_eb3d81a4-b62e-492c-8e5e-964e70b1731e.png?v=1741246949&width=1206 | https://gamesir.com/cdn/shop/files/1_eb3d81a4-b62e-492c-8e5e-964e70b1731e.png?v=1741246949&width=200 | https://gamesir.com/cdn/shop/files/8ac2df18cfdcfb4fa59eff82bae793b3_0f5448da-ef45-4b67-95a2-394f321bf99c.png?v=1737629098 | https://gamesir.com/cdn/shop/files/4ee0482982cfa89bb4d1cff3333a55e6_b286104a-7f23-4b86-8da9-8be30ab6c19c.png?v=1737629317 | https://gamesir.com/cdn/shop/files/1_9dcc70a1-e255-4c25-84fb-c41161dc84bc.png?v=1737629120 | https://gamesir.com/cdn/shop/files/1_525d75a5-7dff-4532-bbd5-1d23d5480ad7.png?v=1737629149 | https://gamesir.com/cdn/shop/files/1_afc7ac83-b598-45ae-b32f-b56a3fee23b3.png?v=1737629317 | https://gamesir.com/cdn/shop/files/2_1012f572-cbe6-4ef2-beab-9dc57bc5c088.png?v=1737629091 | https://gamesir.com/cdn/shop/files/2_c435406d-d443-4bbf-9d10-0db5b9ccf28f.png?v=1737629313 | https://gamesir.com/cdn/shop/files/3_-2_5b17a4bd-916f-4ec1-9c0b-6d47e25941d8.png?v=1737629093 | https://gamesir.com/cdn/shop/files/3_-2_8cb98fce-7d72-4bc4-8bcf-8694e17c0b35.png?v=1737629316 | https://gamesir.com/cdn/shop/files/3_d2a84fb3-542d-434d-bdd7-109c1f0777a4.png?v=1737629091 | https://gamesir.com/cdn/shop/files/3_73bfeefd-cfc8-4c49-9225-fd926063fdf9.png?v=1737629312 | https://gamesir.com/cdn/shop/files/4_666072c6-5807-4c29-b7b3-5bc8e4d703f5.png?v=1737629095 | https://gamesir.com/cdn/shop/files/4_f37466dd-fe29-4780-95c0-b405d3ba385e.png?v=1737629316 | https://gamesir.com/cdn/shop/files/5_abb83431-800a-4830-bd63-fe8fcf83de3e.png?v=1737629097 | https://gamesir.com/cdn/shop/files/5_052c53b3-80b1-4d15-b840-75af76b103e1.png?v=1737629314 | https://gamesir.com/cdn/shop/files/6_3a7cf97e-b11f-4154-adec-77568da1f300.png?v=1737629098 | https://gamesir.com/cdn/shop/files/6_b701afe9-558f-4cb2-9d03-3ff55fe52ec1.png?v=1737629318 | https://gamesir.com/cdn/shop/files/7_3e66dd93-7d94-4cc8-92b0-435cbb5d3110.png?v=1737629096 | https://gamesir.com/cdn/shop/files/7_1209b990-e47e-4b42-b360-af418bcf29b1.png?v=1737629316 | https://gamesir.com/cdn/shop/files/8_a78f7b84-f9f2-49d0-afeb-7a74bae1b2b3.png?v=1737629098 | https://gamesir.com/cdn/shop/files/8_0c7baad8-00bb-47dd-9f21-3a673db62b69.png?v=1737629317 | https://gamesir.com/cdn/shop/files/9_985b73d1-da45-47a7-a53e-2ee0390d9539.png?v=1737629096 | https://gamesir.com/cdn/shop/files/10_2.png?v=1737629461 | https://gamesir.com/cdn/shop/files/9_5c85d801-190c-4e4b-b130-beb7aa736053.png?v=1737629092 | https://gamesir.com/cdn/shop/files/9_de6d124f-c815-4a62-8455-f099f92ca960.png?v=1737629314 | https://gamesir.com/cdn/shop/files/10_765297f1-c837-44fd-891d-44364e3c4449.png?v=1737629096 | https://gamesir.com/cdn/shop/files/10_e00bcc98-746b-4e8c-9c80-68cb44afb58f.png?v=1737629317 | https://gamesir.com/cdn/shop/files/626b9b6886075081b16840ac10c50041.png?v=1736850234&width=760,https://gamesir.com/es/collections/all-products-1/products/gamesir-tarantula-pro
GameSir Nova Lite Multiplatform Controller,Precio regular $24.99 USD,Disponible,,Key Features: Anti-drift GameSir™ Hall Effect sticks Tri-mode connectivity Multi-platform compatibility Turbo function for faster response Multi-function M button for convenient control,"Working Platform: PC, Steam, Android, iOS, Switch Connectivity: Bluetooth, Wireless Dongle, Wired Battery: 600mAh 6-Axis Gyro: No ABXY Buttons: Membrane Hall Effect Sticks: Yes Analog Triggers: Yes Rumble Motors: Yes, one motor in each grip Wireless Dongle: Yes Colorway: Space Purple Product Size: 155*104*61 mm / 6.10*4.09*2.40 in Net Weight: 205 g / 0.45 lbs Package Size：157*108*61 mm / 6.18*4.25*2.40 in Gross Weight: 246 g / 0.54 lbs",GameSir Nova Lite Multiplatform Controller | Xbox Controllers | Mobile Controllers | Switch Controllers | PC Controllers | Anti-drift GameSir™ Hall Effect sticks | GameSir Nova Lite Multiplat... | Join GameSir Discord and seek quick answers from skillful players. | About GameSir | GameSir | GameSir App,https://gamesir.com/cdn/shop/t/64/assets/transparent.png?v=74725729134931200321767515786 | https://gamesir.com/cdn/shop/files/logo_1bbc21e8-a4b0-42a4-b29f-a48959045877.png?v=1737874858&width=600 | https://gamesir.com/cdn/shop/files/t4n-_-7_8ae35fcb-4bce-44a0-ab5f-810e705861c7.png?v=1753953492&width=1206 | https://gamesir.com/cdn/shop/files/t4n-_-7_8ae35fcb-4bce-44a0-ab5f-810e705861c7.png?v=1753953492&width=200 | https://gamesir.com/cdn/shop/files/01_4e30e505-2842-45f6-93b2-1641201b811f.jpg?v=1737614092 | https://gamesir.com/cdn/shop/files/1000-1000__01_63be81ef-67c7-47d2-9fde-475789cd8ebd.jpg?v=1737614580 | https://gamesir.com/cdn/shop/files/02_90955e9e-e8c7-465f-b703-0532a2502b23.jpg?v=1737614092 | https://gamesir.com/cdn/shop/files/1000-1000__02_5a793e44-c2c5-433f-b370-a867e989ff26.jpg?v=1737614579 | https://gamesir.com/cdn/shop/files/03_b93e42cf-519b-4fa5-8a99-737b1af729cd.jpg?v=1737614092 | https://gamesir.com/cdn/shop/files/1000-1000__04_018efd84-49ac-4be3-b207-9c87c9c0b3a2.jpg?v=1737614579 | https://gamesir.com/cdn/shop/files/04_ba7d184d-2978-4e4b-b03c-4567436e5c80.jpg?v=1737614095 | https://gamesir.com/cdn/shop/files/1000-1000__05_d410f280-792c-4094-a433-cc33ea0fc5b7.jpg?v=1737614581 | https://gamesir.com/cdn/shop/files/05_2633aeb2-956e-45f9-9131-deae7bc5925f.jpg?v=1737614093 | https://gamesir.com/cdn/shop/files/1000-1000__06_b0a958c5-46c6-47d4-a125-e818287e4d4d.jpg?v=1737614580 | https://gamesir.com/cdn/shop/files/06_b9f816bc-0307-4bb0-a097-9518278941ef.jpg?v=1737614090 | https://gamesir.com/cdn/shop/files/1000-1000__07_d4364c33-8945-4ec4-b78a-780f0034d8ae.jpg?v=1737614580 | https://gamesir.com/cdn/shop/files/626b9b6886075081b16840ac10c50041.png?v=1736850234&width=760,https://gamesir.com/es/collections/all-products-1/products/gamesir-nova-lite
GameSir X3 Pro DeadPool Edition Mobile Gaming Controller,Precio regular $99.99 USD Agotado,Disponible,,"Key Features: Special Deadpool Edition, Officially Licensed by Marvel Integrated Cooler, Cool Controller, Cooler Gaming Precise and Anti-Drift: GameSir™ Hall Effect Sticks Personalized Style: Detachable and Replaceable Components Realistic Vibration: Dual Rumble Motors Micro Switch Triggers and Buttons: E-sports level providing comfortable haptic feedback Charge and Cool, One Cable for Both Motion Control: Built-in 6-axis Gyroscope Software Customization: Tailor the Controller to Your Needs","Compatible Models: Android Connection: Built-in Type-C Compatible device length: 110-180mm / 4.33-7.09in Battery: No Sticks: Yes, GameSir™ Hall Effect Triggers: Micro Switch 6-axis Gyroscope: Yes Motors: Yes Turbo Function: Yes ABXY Buttons: Micro Switch Back Buttons: No Customization Software: Yes, GameSir App Product Size: 207.46*93.27*57.38mm / 8.17*3.67*2.26in Package Size: 232*138*99mm / 9.13*5.43*3.90in Gross Weight: 767.2g / 1.69lbs","GameSir X3 Pro DeadPool Edition Mobile Game Controller | Xbox Controllers | Mobile Controllers | Switch Controllers | PC Controllers | GameSir X3 Pro DeadPool Edition Mobile Gaming Controller | Integrated Cooler, Cool Controller, Cooler Gaming | Precise and Anti-Drift: GameSir™ Hall Effect Sticks | Software Customization: Tailor the Controller to Your Needs | Sticks: Yes, GameSir™ Hall Effect | Customization Software: Yes, GameSir App | GameSir X3 Pro DeadPool Edi... | Join GameSir Discord and seek quick answers from skillful players. | About GameSir | GameSir | GameSir App",https://gamesir.com/cdn/shop/t/64/assets/transparent.png?v=74725729134931200321767515786 | https://gamesir.com/cdn/shop/files/logo_1bbc21e8-a4b0-42a4-b29f-a48959045877.png?v=1737874858&width=600 | https://gamesir.com/cdn/shop/files/1_962124a1-8619-48e2-b31d-6ef15262cdce.png?v=1740995748&width=1206 | https://gamesir.com/cdn/shop/files/1_962124a1-8619-48e2-b31d-6ef15262cdce.png?v=1740995748&width=200 | https://gamesir.com/cdn/shop/files/hero_img_36aced6f-497a-40bc-824e-b95a005a09ba.png?v=1737707871 | https://gamesir.com/cdn/shop/files/750-1_c96b4d4e-c5ca-4d27-9de4-7bdc2b87cc3a.png?v=1737716096 | https://gamesir.com/cdn/shop/files/1_f12c0bc5-bfaf-4dc4-a6e2-3ef6221c85a5.png?v=1737707862 | https://gamesir.com/cdn/shop/files/2_a9b39702-a7a0-4aa7-9fe1-4937fd032802.png?v=1737707839 | https://gamesir.com/cdn/shop/files/3_56c91235-ee23-4f10-9d51-858d319a3113.png?v=1737707857 | https://gamesir.com/cdn/shop/files/750-2_9da1f00a-94dc-4ba8-abf8-81f24e7bd9cc.png?v=1737716095 | https://gamesir.com/cdn/shop/files/4_6d3384af-3c40-4253-9bdb-f282d9ed68b8.png?v=1737707856 | https://gamesir.com/cdn/shop/files/750-3_b853b259-6418-4680-be66-e0c25de4caee.png?v=1737716098 | https://gamesir.com/cdn/shop/files/X3pro_-_4-1920.png?v=1748947980 | https://gamesir.com/cdn/shop/files/X3pro_-_4-1000.png?v=1748947979 | https://gamesir.com/cdn/shop/files/6_88d49057-6e8a-48a5-a9ad-ee795b094b8b.png?v=1737707854 | https://gamesir.com/cdn/shop/files/750-5.png?v=1737716097 | https://gamesir.com/cdn/shop/files/7_2f83b301-72a1-44c5-ae95-ca380f0a0727.png?v=1737707864 | https://gamesir.com/cdn/shop/files/750-6.png?v=1737716097 | https://gamesir.com/cdn/shop/files/8_b641fbb0-7d25-452d-8e22-0d68e3fd4efd.png?v=1737707853 | https://gamesir.com/cdn/shop/files/750-7.png?v=1737716097 | https://gamesir.com/cdn/shop/files/9_b6578c92-7cff-4f81-8f27-e3d387d94852.png?v=1737707856 | https://gamesir.com/cdn/shop/files/750-8.png?v=1737716097 | https://gamesir.com/cdn/shop/files/10_5bfe39a1-6a59-417f-8516-2dd13eaf2f1e.png?v=1737707858 | https://gamesir.com/cdn/shop/files/750-9.png?v=1737716097 | https://gamesir.com/cdn/shop/files/lQLPJwgxJHwheHHNBFbNB4CweX1LyK2NPEQHdi5FmPAYAA_1920_1110.png?v=1737716062 | https://gamesir.com/cdn/shop/files/lQLPJxUVsuQFSHHNA67NAu6waIGrxo44nRAHdi5FmPAYAQ_750_942.png?v=1737716098 | https://gamesir.com/cdn/shop/files/626b9b6886075081b16840ac10c50041.png?v=1736850234&width=760,https://gamesir.com/es/collections/all-products-1/products/gamesir-x3-pro-deadpool-edition
GameSir G8 Plus Bluetooth Stretchable Mobile Gamepad,Precio en oferta $59.99 USD Precio regular $79.99 USD,Disponible,,Key Features: Console Controller Grade: Console-Sized Sticks and Buttons for Exceptional Comfort Precise and Durable: Elevate Your Gameplay with GameSir™ Hall Tech a.GameSir Hall Effect sensing sticks b.GameSir precision-tuned Hall Effect analog triggers Universal Compatibility: The Extendable Bridge and adequate back space Personalized Style: Interchangeable Magnetic Swappable Components Realistic Vibration: Asymmetric Motors Motion Control: Built-in 6-axis Gyroscope Button design: E-sport level providing comfortable haptic feedback Software Customization: Tailor The Controller to Your Needs,"Compatible Models : Switch, Android, tablet, and PC Connection: Bluetooth for mobile devices, Wired and Wireless Dongle for PC Compatible device length: 120-215mm / 4.72-8.46in Battery: 1000mAh in total. 500mAh in each side Hall Effect Sticks: Yes, GameSir™ Analog Triggers: Yes, Hall Effect magnetic sensors 6-axis Gyroscope: Yes ABXY Buttons: Membrane, 5 million-click lifespan Back Buttons: Yes, 2 Back Buttons Customization Software: Yes, GameSir App Product Size: 230*107*55 mm / 9.06*4.21*2.17 in Net Weight: 314g / 0.69 lbs Package Size: 262*149*66 mm / 10.32*5.87*2.60 in Gross Weight: 638g / 1.41 lbs","GameSir G8 Plus Bluetooth Mobile Gaming Controller-Play Anywhere | Xbox Controllers | Mobile Controllers | Switch Controllers | PC Controllers | GameSir G8 Plus Bluetooth Stretchable Mobile Gamepad | Console Controller Grade: Console-Sized Sticks and Buttons for Exceptional Comfort | Precise and Durable: Elevate Your Gameplay with GameSir™ Hall Tech | a.GameSir Hall Effect sensing sticks | b.GameSir precision-tuned Hall Effect analog triggers | Software Customization: Tailor The Controller to Your Needs | Hall Effect Sticks: Yes, GameSir™ | Customization Software: Yes, GameSir App | GameSir G8 Plus Bluetooth S... | Join GameSir Discord and seek quick answers from skillful players. | About GameSir | GameSir | GameSir App",https://gamesir.com/cdn/shop/t/64/assets/transparent.png?v=74725729134931200321767515786 | https://gamesir.com/cdn/shop/files/logo_1bbc21e8-a4b0-42a4-b29f-a48959045877.png?v=1737874858&width=600 | https://gamesir.com/cdn/shop/files/G8_0ec9fb51-32f8-485b-8ea7-2a9d18b9747e.png?v=1741246755&width=1206 | https://gamesir.com/cdn/shop/files/G8_0ec9fb51-32f8-485b-8ea7-2a9d18b9747e.png?v=1741246755&width=200 | https://gamesir.com/cdn/shop/files/cab168557646811b10d8816e3f3e0171_c2fbe610-caf3-4779-b773-44a295329216.png?v=1737532179 | https://gamesir.com/cdn/shop/files/1_b9c35fbb-9219-40bd-b56c-275d23166805.png?v=1737532293 | https://gamesir.com/cdn/shop/files/G8_1_1920.png?v=1748947358 | https://gamesir.com/cdn/shop/files/G8_1_1000.png?v=1748947369 | https://gamesir.com/cdn/shop/files/2_785e551b-e67f-467b-93c7-6c25cc6d6a4e.png?v=1737532170 | https://gamesir.com/cdn/shop/files/2_0bfa987c-2cdf-45f5-bce9-e7a635536e83.png?v=1737514739 | https://gamesir.com/cdn/shop/files/3_c2574f76-c5fc-418e-a7c1-f35e62efce56.png?v=1737532178 | https://gamesir.com/cdn/shop/files/1_4_26d32f3d-02e6-4e2d-a28f-7dd108f026b6.png?v=1737532289 | https://gamesir.com/cdn/shop/files/3_b0b93c23-c5fe-4beb-8c16-183af5685cfd.png?v=1737532170 | https://gamesir.com/cdn/shop/files/1_3_b19381fe-02f8-4ae2-b5c9-59e80f1eedd4.png?v=1737532288 | https://gamesir.com/cdn/shop/files/4_a7f5b06f-2840-4c02-9b7b-a43c693d9c28.png?v=1737532176 | https://gamesir.com/cdn/shop/files/1_5_3c4f5ce2-a387-414b-b0dc-216e28bf80f7.png?v=1737532290 | https://gamesir.com/cdn/shop/files/5_4e4ac4dc-29bb-4be9-9d5a-04978f8fdc9d.png?v=1737532181 | https://gamesir.com/cdn/shop/files/1_6_25fc9724-fd46-4cbb-a796-93b50e6eac49.png?v=1737532294 | https://gamesir.com/cdn/shop/files/6_510965ba-a716-4bf8-b25b-fc321fda9361.png?v=1737532154 | https://gamesir.com/cdn/shop/files/6_72adf32e-2087-4301-a5bd-60145a8120c6.png?v=1737514735 | https://gamesir.com/cdn/shop/files/7_6fe08ae1-3a9e-4511-b1ba-f94b3c928aaf.png?v=1737532178 | https://gamesir.com/cdn/shop/files/1_8_afe47d2e-d0b8-4e4d-9d24-0e21dded68f6.png?v=1737532294 | https://gamesir.com/cdn/shop/files/G8_81920.png?v=1748947409 | https://gamesir.com/cdn/shop/files/G8_8_1000.png?v=1748947409 | https://gamesir.com/cdn/shop/files/9_1920.png?v=1774956689 | https://gamesir.com/cdn/shop/files/9_eebbea81-4536-4b9a-a054-8777740868c9.png?v=1774956688 | https://gamesir.com/cdn/shop/files/10_3f6c55b5-2f96-4437-b4bc-df9c15f79b4d.png?v=1737532181 | https://gamesir.com/cdn/shop/files/10_3f67235d-67bf-41b5-b57c-53a2c3097325.png?v=1737514740 | https://gamesir.com/cdn/shop/files/626b9b6886075081b16840ac10c50041.png?v=1736850234&width=760,https://gamesir.com/es/collections/all-products-1/products/g8plus-bluetooth-mobile-controller
GameSir G8 Plus Hulk Edition Bluetooth Mobile Gaming Controller,Precio regular $99.99 USD Agotado,Disponible,,Officially Licensed by Marvel Console Controller Grade: Console-Sized Sticks and Buttons for Exceptional Comfort Precise and Durable: Elevate Your Gameplay with GameSir™ Hall Tech a.GameSir Hall Effect Sensing Sticks b.GameSir Precision-Tuned Hall Effect Analog Triggers Universal Compatibility: the Extendable Bridge and Adequate Back Space Personalized Style: Interchangeable Magnetic Components Realistic Vibration: Asymmetric Motors Motion Control: Built-in 6-axis Gyroscope Button design: Comfortable Haptic Feedback Software Customization: Tailor the Controller to Your Needs,"Compatible Models : Switch, Android, tablet, and PC Connection: Bluetooth for mobile devices, Wired and Wireless Dongle for PC Compatible device length: 120-215mm / 4.72-8.46in Battery: 1000mAh in total. 500mAh in each side Hall Effect Sticks: Yes, GameSir™ Analog Triggers: Yes, Hall Effect magnetic sensors 6-axis Gyroscope: Yes Rumble Motors: Yes, in each grip ABXY Buttons: Membrane, 5 million-click lifespan Back Buttons: Yes, 2 Back Buttons Customization Software: Yes, GameSir App Product Size: 230*107*55 mm / 9.06*4.21*2.17 in Net Weight: 314g / 0.69 lbs Package Size: 262*149*66 mm / 10.32*5.87*2.60 in Gross Weight: 638g / 1.41 lbs","GameSir G8 Plus Hulk Edition Bluetooth Mobile Controller | Xbox Controllers | Mobile Controllers | Switch Controllers | PC Controllers | GameSir G8 Plus Hulk Edition Bluetooth Mobile Gaming Controller | Console Controller Grade: Console-Sized Sticks and Buttons for Exceptional Comfort | Precise and Durable: Elevate Your Gameplay with GameSir™ Hall Tech | a.GameSir Hall Effect Sensing Sticks | b.GameSir Precision-Tuned Hall Effect Analog Triggers | Software Customization: Tailor the Controller to Your Needs | Hall Effect Sticks: Yes, GameSir™ | Customization Software: Yes, GameSir App | GameSir G8 Plus Hulk Editio... | Join GameSir Discord and seek quick answers from skillful players. | About GameSir | GameSir | GameSir App",https://gamesir.com/cdn/shop/t/64/assets/transparent.png?v=74725729134931200321767515786 | https://gamesir.com/cdn/shop/files/logo_1bbc21e8-a4b0-42a4-b29f-a48959045877.png?v=1737874858&width=600 | https://gamesir.com/cdn/shop/files/G8_30a3599f-094f-401d-9189-c75c52976b08.png?v=1741247113&width=1206 | https://gamesir.com/cdn/shop/files/G8_30a3599f-094f-401d-9189-c75c52976b08.png?v=1741247113&width=200 | https://gamesir.com/cdn/shop/files/cab168557646811b10d8816e3f3e0171_48873276-1cf7-4817-b608-36a24bf93f69.png?v=1737534312 | https://gamesir.com/cdn/shop/files/1_44b27ebf-aa3d-4449-adcb-c7f554a4f7dc.png?v=1737534776 | https://gamesir.com/cdn/shop/files/1-2_112a7043-718f-4362-8cbb-47e443f1ea7f.png?v=1737533150 | https://gamesir.com/cdn/shop/files/1-1_072d5669-7b3d-46c8-856c-b4d933c459b9.png?v=1737534311 | https://gamesir.com/cdn/shop/files/G8_-_1-1920_bcb79d45-1e83-44fd-93b1-40abd79082e3.png?v=1748947627 | https://gamesir.com/cdn/shop/files/G8_-_1-1000_ee962b0a-4863-4be9-b26d-335c97ecde3a.png?v=1748947627 | https://gamesir.com/cdn/shop/files/2_d46b442a-802a-433c-8eaa-74cf9c229fb4.png?v=1737534285 | https://gamesir.com/cdn/shop/files/3_ff4125a5-e12d-407a-b250-09f3236e337a.png?v=1737534770 | https://gamesir.com/cdn/shop/files/3_1a244067-0055-4a9c-9e58-6e923e385565.png?v=1737534302 | https://gamesir.com/cdn/shop/files/5_82c7c521-ddb5-4559-b241-e002dadf384b.png?v=1737534773 | https://gamesir.com/cdn/shop/files/3_-2_8e65adb9-1f6c-4dd4-aeea-6052c9fa23a0.png?v=1737534302 | https://gamesir.com/cdn/shop/files/4_ef66de08-1160-414c-b0a1-0732c4b56267.png?v=1737534773 | https://gamesir.com/cdn/shop/files/4_5ff60aa0-ab83-48cb-b7f4-7f9f75bebd57.png?v=1737534290 | https://gamesir.com/cdn/shop/files/4_cbccfcc8-caeb-4e27-b662-ec9e5ac74e06.png?v=1737535143 | https://gamesir.com/cdn/shop/files/5_f118b11f-2431-4ea9-b254-e5599ccf9f6a.png?v=1737534310 | https://gamesir.com/cdn/shop/files/7_a69888ab-f7bd-4a2a-9fec-7737806a93fd.png?v=1737534778 | https://gamesir.com/cdn/shop/files/6_ba7ecf7e-d19a-4580-ba8d-a50e4bfb759c.png?v=1737534290 | https://gamesir.com/cdn/shop/files/9_dbb8328a-c3ff-4ef1-874b-52e9183ee156.png?v=1737533560 | https://gamesir.com/cdn/shop/files/7_67cfdc17-64d3-4bf7-a392-5c2dd1176741.png?v=1737534317 | https://gamesir.com/cdn/shop/files/7_5ba0d9bf-115f-41e5-b9ac-7644ac10b6f1.png?v=1737535209 | https://gamesir.com/cdn/shop/files/9_1920_c486ea7c-c8c0-412c-99ba-32e3bff84137.png?v=1774956887 | https://gamesir.com/cdn/shop/files/9_0471f1d1-02e1-43b2-bc0a-5f71c3cb8b4f.png?v=1774956887 | https://gamesir.com/cdn/shop/files/10_6c224f8c-6bce-48ed-9b00-a9e046ef8db8.png?v=1737534317 | https://gamesir.com/cdn/shop/files/10_e90504e0-9684-4bf0-93c6-4ec065a5f679.png?v=1737535244 | https://gamesir.com/cdn/shop/files/626b9b6886075081b16840ac10c50041.png?v=1736850234&width=760,https://gamesir.com/es/collections/all-products-1/products/gamesir-g8-plus-hulk-edition
GameSir G8 Plus Thanos Edition Bluetooth Mobile Gaming Controller,Precio regular $99.99 USD Agotado,Disponible,,Officially Licensed by Marvel Console Controller Grade: Console-Sized Sticks and Buttons for Exceptional Comfort Precise and Durable: Elevate Your Gameplay with GameSir™ Hall Tech a.GameSir Hall Effect Sensing Sticks b.GameSir Precision-Tuned Hall Effect Analog Triggers Universal Compatibility: the Extendable Bridge and Adequate Back Space Personalized Style: Interchangeable Magnetic Components Realistic Vibration: Asymmetric Motors Motion Control: Built-in 6-axis Gyroscope Button design: Comfortable Haptic Feedback Software Customization: Tailor the Controller to Your Needs,"Compatible Models : Switch, Android, tablet, and PC Connection: Bluetooth for mobile devices, Wired and Wireless Dongle for PC Compatible device length: 120-215mm / 4.72-8.46in Battery: 1000mAh in total. 500mAh in each side Hall Effect Sticks: Yes, GameSir™ Analog Triggers: Yes, Hall Effect magnetic sensors 6-axis Gyroscope: Yes Rumble Motors: Yes, in each grip ABXY Buttons: Membrane, 5 million-click lifespan Back Buttons: Yes, 2 Back Buttons Customization Software: Yes, GameSir App Product Size: 230*107*55 mm / 9.06*4.21*2.17 in Net Weight: 314g / 0.69 lbs Package Size: 262*149*66 mm / 10.32*5.87*2.60 in Gross Weight: 638g / 1.41 lbs","GameSir G8 Plus Thanos Edition Bluetooth Mobile Gaming Controller | Xbox Controllers | Mobile Controllers | Switch Controllers | PC Controllers | Console Controller Grade: Console-Sized Sticks and Buttons for Exceptional Comfort | Precise and Durable: Elevate Your Gameplay with GameSir™ Hall Tech | a.GameSir Hall Effect Sensing Sticks | b.GameSir Precision-Tuned Hall Effect Analog Triggers | Software Customization: Tailor the Controller to Your Needs | Hall Effect Sticks: Yes, GameSir™ | Customization Software: Yes, GameSir App | GameSir G8 Plus Thanos Edit... | Join GameSir Discord and seek quick answers from skillful players. | About GameSir | GameSir | GameSir App",https://gamesir.com/cdn/shop/t/64/assets/transparent.png?v=74725729134931200321767515786 | https://gamesir.com/cdn/shop/files/logo_1bbc21e8-a4b0-42a4-b29f-a48959045877.png?v=1737874858&width=600 | https://gamesir.com/cdn/shop/files/G8_560bfecf-6589-4822-a973-a667dfe19f9f.png?v=1741000082&width=1206 | https://gamesir.com/cdn/shop/files/G8_560bfecf-6589-4822-a973-a667dfe19f9f.png?v=1741000082&width=200 | https://gamesir.com/cdn/shop/files/2x_be73949f-bec8-4008-b005-f18a5222d4d0.png?v=1737533164 | https://gamesir.com/cdn/shop/files/2_c5028ec6-bb0d-4acb-80c8-8bb552ccbc41.png?v=1737533603 | https://gamesir.com/cdn/shop/files/G8_-_1-1920.png?v=1748947454 | https://gamesir.com/cdn/shop/files/G8_-_1-1000.png?v=1748947454 | https://gamesir.com/cdn/shop/files/2_4cc25cb8-146d-451a-a3b7-f2cb90ff04be.png?v=1737533150 | https://gamesir.com/cdn/shop/files/3_6eaad7f3-6089-4b79-9303-d1b798707456.png?v=1737533599 | https://gamesir.com/cdn/shop/files/3_610585c6-7048-47ea-b5d8-3a5e7a2328d5.png?v=1737533155 | https://gamesir.com/cdn/shop/files/4_fd259cc6-8d9d-488d-b23a-f85a3200758e.png?v=1737533601 | https://gamesir.com/cdn/shop/files/4_4feb1da9-76e9-4e85-acc6-ce567b22f0ae.png?v=1737533155 | https://gamesir.com/cdn/shop/files/5_544cd41a-4ab6-4b9d-be65-b76903533b78.png?v=1737533600 | https://gamesir.com/cdn/shop/files/5_058823fe-fae6-4f3d-947a-5d27a88961e8.png?v=1737533154 | https://gamesir.com/cdn/shop/files/5_a314b732-ee6b-403c-80fe-9857c55ed3ad.png?v=1737533563 | https://gamesir.com/cdn/shop/files/6_385b399a-ab1e-426a-a5c3-da1be3481070.png?v=1737533156 | https://gamesir.com/cdn/shop/files/7_83ce1f3b-2384-4b9e-acdf-49e7d7452162.png?v=1737533603 | https://gamesir.com/cdn/shop/files/7_0f401f0a-f741-415f-8bfc-c6bd67e30dce.png?v=1737533151 | https://gamesir.com/cdn/shop/files/7_7a4e1f56-da35-499b-b3d0-6bc6b44972c2.png?v=1737533562 | https://gamesir.com/cdn/shop/files/8_68359145-0543-457e-818f-95fae3d3fd35.png?v=1737533160 | https://gamesir.com/cdn/shop/files/8_33c1cd52-7c24-4f5c-ab8e-e133a7e20e04.png?v=1737533566 | https://gamesir.com/cdn/shop/files/9_1920_1df503e8-db97-41b0-a869-4dcd250167e7.png?v=1774956880 | https://gamesir.com/cdn/shop/files/9_252acfa5-a02f-4fc2-b02a-f0d17dfa4155.png?v=1774956881 | https://gamesir.com/cdn/shop/files/10_ef7c0719-06b3-4578-b111-329f600f8c25.png?v=1737533163 | https://gamesir.com/cdn/shop/files/11_60f8986c-b774-42b1-8102-e9c737c32ef0.png?v=1737533566 | https://gamesir.com/cdn/shop/files/626b9b6886075081b16840ac10c50041.png?v=1736850234&width=760,https://gamesir.com/es/collections/all-products-1/products/gamesir-g8-plus-thanos-edition
GameSir X3 Pro Stretchable Mobile Gamepad With Integrated Cooler,Precio regular $79.99 USD,Disponible,,"Key Features: Integrated Cooler, Cool Controller, Cooler Gaming Precise and Durable: GameSir™ Hall Effect Sticks Personalized Style: Detachable and Replaceable Components Realistic Vibration: Dual Rumble Motors Micro Switch Triggers and Buttons: E-sports level providing comfortable haptic feedback Charge and Cool, One Cable for Both Motion Control: Built-in 6-axis Gyroscope Software Customization: Tailor the Controller to Your Need","Compatible Models: Android Connection: Built-in Type-C Compatible device length: 110-180mm / 4.33-7.09in Battery: No Sticks: Yes, GameSir™ Hall Effect Triggers: Micro Switch 6-axis Gyroscope: Yes Motors: Yes Turbo Function: Yes ABXY Buttons: Micro Switch Back Buttons: No Customization Software: Yes, GameSir App Product Size: 207.46*93.27*57.38mm / 8.17*3.67*2.26in Gross Weight: 767.2g / 1.69lbs","GameSir X3 Pro Moblie Gaming Controller With Integrated Cooler | Xbox Controllers | Mobile Controllers | Switch Controllers | PC Controllers | GameSir X3 Pro Stretchable Mobile Gamepad With Integrated Cooler | Integrated Cooler, Cool Controller, Cooler Gaming | Precise and Durable: GameSir™ Hall Effect Sticks | Software Customization: Tailor the Controller to Your Need | Sticks: Yes, GameSir™ Hall Effect | Customization Software: Yes, GameSir App | GameSir X3 Pro Stretchable ... | Join GameSir Discord and seek quick answers from skillful players. | About GameSir | GameSir | GameSir App",https://gamesir.com/cdn/shop/t/64/assets/transparent.png?v=74725729134931200321767515786 | https://gamesir.com/cdn/shop/files/logo_1bbc21e8-a4b0-42a4-b29f-a48959045877.png?v=1737874858&width=600 | https://gamesir.com/cdn/shop/files/1_4956d494-9581-4cf6-8591-c395cccbd0f4.png?v=1741166520&width=1206 | https://gamesir.com/cdn/shop/files/1_4956d494-9581-4cf6-8591-c395cccbd0f4.png?v=1741166520&width=200 | https://gamesir.com/cdn/shop/files/1-2_f514315b-eaea-462f-927e-b3c485e20895.png?v=1737536276 | https://gamesir.com/cdn/shop/files/1_2x_48bb9aa9-9bac-4634-a1e2-20706a702d6b.png?v=1737538279 | https://gamesir.com/cdn/shop/files/1_08b2135c-c2cb-4e76-aa30-f884a3819ee3.png?v=1737536274 | https://gamesir.com/cdn/shop/files/1_c894b325-db78-4a50-bf09-8531794236fc.png?v=1737538314 | https://gamesir.com/cdn/shop/files/2_7dc190df-cf3b-40ac-92eb-4a994382a20d.png?v=1737537600 | https://gamesir.com/cdn/shop/files/2_2x_ff00ed10-30bd-4584-9dc5-0fa2fe963117.png?v=1737538273 | https://gamesir.com/cdn/shop/files/3_2x_06b10257-b49f-45fa-88bd-539d7831f894.png?v=1737538283 | https://gamesir.com/cdn/shop/files/3_8fd9896c-abba-47ab-b19c-5568365c8917.png?v=1737537603 | https://gamesir.com/cdn/shop/files/4_2x_a55da835-e169-4859-9a7f-f3829ab06c41.png?v=1737538275 | https://gamesir.com/cdn/shop/files/4_bf402026-5b7c-4a0f-a2ca-b9b18667693d.png?v=1737537601 | https://gamesir.com/cdn/shop/files/5_2x_3b7ffc59-0c85-488f-9c23-f43d485bc0cb.png?v=1737538277 | https://gamesir.com/cdn/shop/files/5_5e38e4de-fe2d-4cc0-92ef-69c822cc23cf.png?v=1737537601 | https://gamesir.com/cdn/shop/files/6_2x_5afb051b-14cb-4a52-ba9b-5d674da94ef9.png?v=1737538274 | https://gamesir.com/cdn/shop/files/6_f85a988c-7f20-4b42-8f0f-5d6de1958a38.png?v=1737537606 | https://gamesir.com/cdn/shop/files/7_2x_8bd80590-2458-4044-b8d1-f0a75c3c8338.png?v=1737538284 | https://gamesir.com/cdn/shop/files/7_467d8603-0c5d-4386-be3b-576e099b0386.png?v=1737537606 | https://gamesir.com/cdn/shop/files/8_2x_d2ba2de9-2710-4470-bdc9-12c6380ae774.png?v=1737538280 | https://gamesir.com/cdn/shop/files/8_924d6d63-5adb-4eea-b3c9-3716adf5ced7.png?v=1737537605 | https://gamesir.com/cdn/shop/files/9_2x_eb968e3e-9bc3-42be-a212-b3b6c22095ef.png?v=1737538286 | https://gamesir.com/cdn/shop/files/9_3a2aa355-1375-46aa-8dc3-fec3666f8e0e.png?v=1737537606 | https://gamesir.com/cdn/shop/files/10_2x_3028dfa3-6e0b-4db2-b5d5-80a03f586aef.png?v=1737538284 | https://gamesir.com/cdn/shop/files/626b9b6886075081b16840ac10c50041.png?v=1736850234&width=760,https://gamesir.com/es/collections/all-products-1/products/gamesir-x3-pro
GameSir G8 Galileo Stretchable Mobile Gamepad,Precio en oferta $59.99 USD Precio regular $79.99 USD,Disponible,,Key Features: Console Controller Grade: Console-Sized Sticks and Buttons for Exceptional Comfort Seamless Connectivity: Harness the Potential of the Movable Type-C Port Pass-Through Charging: Unstoppable Gameplay Precise and Durable: Elevate Your Gameplay with GameSir™ Hall Tech a.GameSir Hall Effect sensing sticks b.GameSir precision-tuned Hall Effect analog triggers Universal Compatibility: The Extendable Bridge and adequate back space On-the-fly Mappings: 2 mappable back buttons for enhanced gaming control Personalized Style: Interchangeable Magnetic Detachable Faceplates Express Your Individuality: Laser-Engraved Texture Grips and High-Saturation Fluorescent Ink Buttons Fully Software-Customizable: GameSir APP Elevates the GameSir G8 Controller,"Compatible Models : Android Connection: Built-in wired Type-C to your phone Compatible Phone Size(without phone case): *110-185 mm in length *13 mm or below in depth *Phone camera depth ≤ 5mm 3.5mm Audio Jack: Yes Hall Effect Sticks: Yes Analog Triggers: Yes, Hall Effect magnetic sensors ABXY Buttons: Membrane, 5 million-click lifespan Back Buttons: Yes, 2 Back Buttons Pass-through Charging: Yes (*Not all phones are supported) Customization Software: Yes, GameSir App Product Size: 217*107*54 mm / 8.54*4.21*2.13 in Net Weight: 252 g / 0.56 lbs Package Size: 262*149*66 mm / 10.32*5.87*2.60 in Gross Weight: 546 g / 1.20 lbs","GameSir G8 Galileo Mobile Controller | Xbox Controllers | Mobile Controllers | Switch Controllers | PC Controllers | GameSir G8 Galileo Stretchable Mobile Gamepad | Console Controller Grade: Console-Sized Sticks and Buttons for Exceptional Comfort | Precise and Durable: Elevate Your Gameplay with GameSir™ Hall Tech | a.GameSir Hall Effect sensing sticks | b.GameSir precision-tuned Hall Effect analog triggers | Fully Software-Customizable: GameSir APP Elevates the GameSir G8 Controller | Customization Software: Yes, GameSir App | GameSir G8 Galileo Stretcha... | Join GameSir Discord and seek quick answers from skillful players. | About GameSir | GameSir | GameSir App",https://gamesir.com/cdn/shop/t/64/assets/transparent.png?v=74725729134931200321767515786 | https://gamesir.com/cdn/shop/files/logo_1bbc21e8-a4b0-42a4-b29f-a48959045877.png?v=1737874858&width=600 | https://gamesir.com/cdn/shop/files/G8_13368e78-8f1f-4d8c-9d9f-16ca03846d21.png?v=1740995787&width=1206 | https://gamesir.com/cdn/shop/files/G8_13368e78-8f1f-4d8c-9d9f-16ca03846d21.png?v=1740995787&width=200 | https://gamesir.com/cdn/shop/files/G8-__01_1721b954-ec6b-44a3-87b6-5de14265ccda.jpg?v=1737535511 | https://gamesir.com/cdn/shop/files/G8_29d21d5c-8649-47f1-84fb-4f805eeaea0c.jpg?v=1737535706 | https://gamesir.com/cdn/shop/files/G8-__02_403915a6-8311-4472-82a9-9f2205c56c0e.jpg?v=1737535506 | https://gamesir.com/cdn/shop/files/a171f34c1567b68742ed72c02d9f89b0.jpg?v=1737535924 | https://gamesir.com/cdn/shop/files/G8-__03_93f26104-9805-4388-8757-bae7591e0095.jpg?v=1737535509 | https://gamesir.com/cdn/shop/files/G8-_-1_1c9860fd-37ce-4e03-aff1-0158dcaf7b7b.jpg?v=1737535705 | https://gamesir.com/cdn/shop/files/G8-__04_2b297a4f-0091-4854-b509-bedb6876259d.jpg?v=1737535508 | https://gamesir.com/cdn/shop/files/G8-_--1111..jpg?v=1737535947 | https://gamesir.com/cdn/shop/files/G8-__05_6944a93e-0d39-4998-bf47-7b7d53323380.jpg?v=1737535510 | https://gamesir.com/cdn/shop/files/G8-_-5_23bbb689-1d8a-4db5-ad83-898f780814e2.jpg?v=1737535978 | https://gamesir.com/cdn/shop/files/G8-__06_e3b0c910-9634-4c3d-ae1d-11f041b1f2ba.jpg?v=1737535509 | https://gamesir.com/cdn/shop/files/G8-_-6_6c28496b-6329-4b1c-844b-78f9abe397fc.jpg?v=1737536003 | https://gamesir.com/cdn/shop/files/G8-__07_0f611295-9e9a-4ec6-8502-9952e67e581f.jpg?v=1737535509 | https://gamesir.com/cdn/shop/files/G8-_-7._578ecffe-dde1-4047-86f6-097f5f529502.jpg?v=1737536031 | https://gamesir.com/cdn/shop/files/G8_b7be96ef-38e2-4174-8e18-0489ca09cd22.png?v=1777030050 | https://gamesir.com/cdn/shop/files/G8_2_1.png?v=1777029650 | https://gamesir.com/cdn/shop/files/G8-__10_fda5b3d3-e1c7-446a-ba4d-6609bc043f3e.jpg?v=1774956551 | https://gamesir.com/cdn/shop/files/G8-_-9.png?v=1774956552 | https://gamesir.com/cdn/shop/files/626b9b6886075081b16840ac10c50041.png?v=1736850234&width=760,https://gamesir.com/es/collections/all-products-1/products/gamesir-g8-galileo
GameSir X2s Bluetooth Mobile Gaming Controller,Precio regular $44.99 USD,Disponible,,"Key Features: Multi-plaform compatibility: Works with iOS, Android phones and PC Precise and Durable: Elevate Your Gameplay with Hall Tech Exclusive Turbo function: Leave opponents no room to escape Capture screenshots: Share your achievements with the world Fully Software-Customizable: GameSir APP Elevates the GameSir X2s Bluetooth Controller (*Exclusively support with Android System ) Comfortable design: Glue-coated design providing comfort and aesthetic","Working Platform: iOS, Android phones, and PC Connection: Bluetooth Hall Effect Sticks: Yes Hall Effect Triggers: Yes Face Buttons: Tactile switch D-pad: Tactile switch Battery: Yes, 500mAh Compatible Phone Length: Length between 110-168mm / 4.3-4.6 in Product Size: 177.9*84.36*37.53 mm / 7.00*3.32*1.48 in Product Net Weight: 167 g / 0.37 lbs Package Size: 190*89*43 mm / 7.48*3.50*1.69 in Package Gross Weight: 233 g / 0.51 lbs",GameSir X2s Bluetooth Stretchable Mobile Gamepad-Play Anywhere Anytime | Xbox Controllers | Mobile Controllers | Switch Controllers | PC Controllers | GameSir X2s Bluetooth Mobile Gaming Controller | Fully Software-Customizable: GameSir APP Elevates the GameSir X2s Bluetooth Controller | GameSir X2s Bluetooth Mobil... | Join GameSir Discord and seek quick answers from skillful players. | About GameSir | GameSir | GameSir App,https://gamesir.com/cdn/shop/t/64/assets/transparent.png?v=74725729134931200321767515786 | https://gamesir.com/cdn/shop/files/logo_1bbc21e8-a4b0-42a4-b29f-a48959045877.png?v=1737874858&width=600 | https://gamesir.com/cdn/shop/files/X2s_BT_6c00a133-8ed1-4967-a94b-d44c429eddd2.png?v=1741243374&width=1206 | https://gamesir.com/cdn/shop/files/X2s_BT_6c00a133-8ed1-4967-a94b-d44c429eddd2.png?v=1741243374&width=200 | https://gamesir.com/cdn/shop/files/1_d81c2b47-075f-401f-8819-339c85a30c94.png?v=1737600185 | https://gamesir.com/cdn/shop/files/X2S_-1.png?v=1737600372 | https://gamesir.com/cdn/shop/files/2_d35bfb6e-27d8-40d8-bbb9-c99c4ab98cc9.png?v=1737600181 | https://gamesir.com/cdn/shop/files/X2S_-3.png?v=1737600371 | https://gamesir.com/cdn/shop/files/3_d8e2d5ca-53ed-4353-a791-9545c597c668.png?v=1737600182 | https://gamesir.com/cdn/shop/files/X2S_-4.png?v=1737600371 | https://gamesir.com/cdn/shop/files/4_84113057-650a-49b9-bfc9-a729b6e433f3.png?v=1737600184 | https://gamesir.com/cdn/shop/files/X2S_-2.png?v=1737600372 | https://gamesir.com/cdn/shop/files/5_ffcd4a14-b1f1-41c5-8969-2a8b3c3a323c.png?v=1737600185 | https://gamesir.com/cdn/shop/files/X2S_-5.png?v=1737600372 | https://gamesir.com/cdn/shop/files/6_87d744b6-4c92-4133-94b6-fb0416a3d4ac.png?v=1737600183 | https://gamesir.com/cdn/shop/files/X2S_-6.png?v=1737600370 | https://gamesir.com/cdn/shop/files/1_b0e350cb-e053-4fc4-9e7f-c45537beabab.png?v=1737600184 | https://gamesir.com/cdn/shop/files/X2S_-7.png?v=1737600371 | https://gamesir.com/cdn/shop/files/8_8daeb60c-3f90-44a3-8522-c2a6f2a6ce85.png?v=1737600185 | https://gamesir.com/cdn/shop/files/X2S_-8.png?v=1737600371 | https://gamesir.com/cdn/shop/files/9_6bb1601b-d872-46e9-9ebf-b84a61c519a9.png?v=1737600184 | https://gamesir.com/cdn/shop/files/X2S_-9.png?v=1737600371 | https://gamesir.com/cdn/shop/files/X2S-BT-1920_10.png?v=1777344910 | https://gamesir.com/cdn/shop/files/X2S_-10_8814cae3-80a6-4db9-a44e-6cc3985a0d00.jpg?v=1777289420 | https://gamesir.com/cdn/shop/files/626b9b6886075081b16840ac10c50041.png?v=1736850234&width=760,https://gamesir.com/es/collections/all-products-1/products/gamesir-x2s-bluetooth
GameSir X4 Aileron Xbox Mobile Gaming Controller,Precio regular $99.99 USD,Disponible,,Key Features: Pocket-Sized For Easy Carrying Versatile Compatibility Seamless Connectivity Hall Effect Sticks E-Sport level Microswitch buttons Dual Trigger Options Smooth Control Tailored Personalization Master Control with M Button GameSir App Enhancements,"Working Platform: Android Connectivity: Low-latency Bluetooth ABXY Buttons: Microswitch Trigger mode: Analog triggers or hair triggers Back Buttons: Yes, 2 mappable Back Buttons Customization Software: Yes, GameSir APP Button Layout: Xbox / Switch Compatible Model Width: 68-95mm / 2.68-3.74 in Compatible Model Thickness: 12.5mm / 0.49 in Pass-Through Charging: Yes Battery: Yes, one 400mAh battery in each controller Product Size: 120*104.6*42.7 mm / 4.72*4.12*1.68 in Net Weight: 190 g / 0.42 lbs Package Size: 170*142.5*76.5 mm / 6.69*5.61*3.01 in Gross Weight: 549 g / 1.21 lbs","GameSir X4 Aileron Xbox Mobile Controller | Xbox Controllers | Mobile Controllers | Switch Controllers | PC Controllers | GameSir X4 Aileron Xbox Mobile Gaming Controller | GameSir App Enhancements | Customization Software: Yes, GameSir APP | GameSir X4 Aileron Xbox Mob... | Join GameSir Discord and seek quick answers from skillful players. | About GameSir | GameSir | GameSir App",https://gamesir.com/cdn/shop/t/64/assets/transparent.png?v=74725729134931200321767515786 | https://gamesir.com/cdn/shop/files/logo_1bbc21e8-a4b0-42a4-b29f-a48959045877.png?v=1737874858&width=600 | https://gamesir.com/cdn/shop/files/xxx.png?v=1740995905&width=1206 | https://gamesir.com/cdn/shop/files/xxx.png?v=1740995905&width=200 | https://gamesir.com/cdn/shop/files/x4a_1920__01.jpg?v=1740652652 | https://gamesir.com/cdn/shop/files/1000-1000__01_3bc09cde-1dc7-4a16-8892-6f1863518953.jpg?v=1737540370 | https://gamesir.com/cdn/shop/files/1920__02_46c6f0f4-51d4-4431-8293-129d717dbb3c.jpg?v=1737540005 | https://gamesir.com/cdn/shop/files/1000-1000__02_4913b683-600f-4f10-87bb-b1afbd850515.jpg?v=1737540369 | https://gamesir.com/cdn/shop/files/1920__03_f83f8f10-db46-478b-842d-96d86ba3ec3e.jpg?v=1737540009 | https://gamesir.com/cdn/shop/files/1000-1000__03_5bed9dec-de92-4c3d-850e-982eb6c78ff0.jpg?v=1737540370 | https://gamesir.com/cdn/shop/files/1920__04_f078bed1-468d-42fe-9cd7-1701eb15f852.jpg?v=1737540005 | https://gamesir.com/cdn/shop/files/1000-1000__04_5086dc9c-9c3b-4f75-89a9-235ffbd4c7c8.jpg?v=1737540369 | https://gamesir.com/cdn/shop/files/1920__05_09b4da97-b824-41ee-a0bb-b228806049fe.jpg?v=1737540009 | https://gamesir.com/cdn/shop/files/1000-1000__05_e50cba4c-b706-459d-a158-5b29f8dfa8b6.jpg?v=1737540369 | https://gamesir.com/cdn/shop/files/1920__06_6923f7dd-6917-4cfd-9a93-f1baa8e17454.jpg?v=1737540008 | https://gamesir.com/cdn/shop/files/1000-1000__06_60af7d65-3d0f-4360-b86c-b21491172aa9.jpg?v=1737540369 | https://gamesir.com/cdn/shop/files/1920__07_5ea060d9-4b1b-41f2-b628-b09c2b81032a.jpg?v=1737540012 | https://gamesir.com/cdn/shop/files/1000-1000__07_179ddd48-1d5b-4ec5-8c9c-75231a249e84.jpg?v=1737540370 | https://gamesir.com/cdn/shop/files/1920__08_c298010d-6313-4157-bef4-823f33ae8eb8.jpg?v=1737540012 | https://gamesir.com/cdn/shop/files/1000-1000__08_f87a3ec1-d10a-4466-8111-03cc33cbf2e8.jpg?v=1737540370 | https://gamesir.com/cdn/shop/files/626b9b6886075081b16840ac10c50041.png?v=1736850234&width=760,https://gamesir.com/es/collections/all-products-1/products/gamesir-x4a-mobile-controller-for-xbox
GameSir Dongle for Nova,Precio regular $9.99 USD,Disponible,,Key Features: Compatible with GameSir Nova controller Compact and Sleek Retro-style Design Instant Plug-and-Play,Compatible Controller: GameSir Nova Product Size: 53*20*11 mm / 2.09*0.79*0.43 in Net Weight: 6 g / 0.013 lbs Package Size: 50*20*80 mm / 1.97*0.79*3.15 in Gross Weight: 22 g / 0.049 lbs Carton Size (200pcs/carton): 420*270*190 mm / 16.54*10.63*7.48 in Carton Weight (200pcs/carton): 6.9 kg/ 15.21 lbs,GameSir Dongle for Nova | Xbox Controllers | Mobile Controllers | Switch Controllers | PC Controllers | Compatible with GameSir Nova controller | Compatible Controller: GameSir Nova | Join GameSir Discord and seek quick answers from skillful players. | About GameSir | GameSir | GameSir App,https://gamesir.com/cdn/shop/t/64/assets/transparent.png?v=74725729134931200321767515786 | https://gamesir.com/cdn/shop/files/logo_1bbc21e8-a4b0-42a4-b29f-a48959045877.png?v=1737874858&width=600 | https://gamesir.com/cdn/shop/files/1_f770f1c0-8a58-448d-959d-5443c32a2b89.png?v=1740996781&width=1206 | https://gamesir.com/cdn/shop/files/1_f770f1c0-8a58-448d-959d-5443c32a2b89.png?v=1740996781&width=200 | https://gamesir.com/cdn/shop/files/1_c3e941bb-e4f2-432a-aa81-e568f3713554.png?v=1737617381 | https://gamesir.com/cdn/shop/files/1_bf170e07-1ab8-4847-819d-87a77b9469eb.png?v=1737617385 | https://gamesir.com/cdn/shop/files/2_0e5bb0b1-ddf6-446e-ac9e-bb31a83828c5.png?v=1737617380 | https://gamesir.com/cdn/shop/files/2_77fa4a0e-2a79-40e8-9cb8-9ba68534a81b.png?v=1737617385 | https://gamesir.com/cdn/shop/files/3_0761a2ba-7153-480f-b548-9d30abe3646a.png?v=1737617379 | https://gamesir.com/cdn/shop/files/3_257a466a-232e-4061-abec-981b20e457d2.png?v=1737617385 | https://gamesir.com/cdn/shop/files/626b9b6886075081b16840ac10c50041.png?v=1736850234&width=760,https://gamesir.com/es/collections/all-products-1/products/nova-dongle
GameSir Anti-Friction Rings for G8/G7/G7SE,Precio regular $12.99 USD,Disponible,"Red, Tangerine, Yellow, Green, Aqua, Blue, Black and White","Key Features: Versatile: Suitable for GameSir-G7，GameSir-G7 SE，GameSir-G8, etc. It is especially a perfect fit for controllers with swappable faceplate, such as the GameSir G7 series and GameSir G8 Galileo. Material: The anti-friction rings are made of self-lubricating engineering plastic, ensuring smoothness and anti-friction features. Colorway: There are 8 color options for you to choose from, each including 2 rings. Personalize your gaming experience freely.","Compatible Models: GameSir-G7, GameSir-G7 SE, GameSir-G8, etc. Color: Red, Tangerine, Yellow, Green, Aqua, Blue, Black and White Material: Self-lubricating engineering plastic Package Size: 104*140*12mm / 4.09*5.51*0.47in Gross Weight: 29.7g / 0.07lbs","GameSir Anti-Friction Rings for G8/G7/G7SE | Xbox Controllers | Mobile Controllers | Switch Controllers | PC Controllers | Versatile: Suitable for GameSir-G7，GameSir-G7 SE，GameSir-G8, etc. It is especially a perfect fit for controllers with swappable faceplate, such as the GameSir G7 series and GameSir G8 Galileo. | Compatible Models: GameSir-G7, GameSir-G7 SE, GameSir-G8, etc. | GameSir Anti-Friction Rings... | Join GameSir Discord and seek quick answers from skillful players. | About GameSir | GameSir | GameSir App",https://gamesir.com/cdn/shop/t/64/assets/transparent.png?v=74725729134931200321767515786 | https://gamesir.com/cdn/shop/files/logo_1bbc21e8-a4b0-42a4-b29f-a48959045877.png?v=1737874858&width=600 | https://gamesir.com/cdn/shop/files/005a061c309d2ce04f5cd48938fbc666.png?v=1740996035&width=1206 | https://gamesir.com/cdn/shop/files/005a061c309d2ce04f5cd48938fbc666.png?v=1740996035&width=200 | https://gamesir.com/cdn/shop/files/1_d6e8d727-899f-43d1-8f22-604a8a171dfe.png?v=1737615296 | https://gamesir.com/cdn/shop/files/2_80d4a7ca-a8fc-41ac-a654-48e69f7379c8.png?v=1737615297 | https://gamesir.com/cdn/shop/files/3_6fa831c4-5547-459c-913b-efce49839be6.png?v=1737615297 | https://gamesir.com/cdn/shop/files/4_69ad6670-3467-48b7-bd7e-184ce4b0f725.png?v=1737615297 | https://gamesir.com/cdn/shop/files/5_fa4a4ae0-999f-42b9-9e3f-521c91b14eb6.png?v=1737615882 | https://gamesir.com/cdn/shop/files/5_f6d6a252-248f-40e4-8da9-d517d084fa5b.png?v=1737615296 | https://gamesir.com/cdn/shop/files/626b9b6886075081b16840ac10c50041.png?v=1736850234&width=760,https://gamesir.com/es/collections/all-products-1/products/controller-anti-friction-rings
GameSir 3M USB Cable for G7/G7SE/T4 Kaleid,Precio regular $12.99 USD,Disponible,,"Key Features: Compatible with GameSir G7, GameSir G7 SE, GameSir G7 Pro, GameSir T4k, GameSir K1. USB-A to USB-C connector. Plug and play. Sleek and attractive nylon braided exterior. Extra-long 3-meter design eliminates cable length concerns. Rigorously tested for harsh conditions, including plugging, suspension, and shaking.","Brand: GameSir Product Name: GameSir Nylon Braided Cable Colowar: Light Cyan, Red Compatible Models: GameSir G7, GameSir G7 SE, GameSir G7 Pro, GameSir T4k, GameSir K1 Length: 3m / 10FT Net Weight: 73.7g / 0.16lbs","GameSir 3M USB Cable for G7/G7SE/T4 Kaleid | Xbox Controllers | Mobile Controllers | Switch Controllers | PC Controllers | Compatible with GameSir G7, GameSir G7 SE, GameSir G7 Pro, GameSir T4k, GameSir K1. | Brand: GameSir | Product Name: GameSir Nylon Braided Cable | Compatible Models: GameSir G7, GameSir G7 SE, GameSir G7 Pro, GameSir T4k, GameSir K1 | GameSir 3M USB Cable for G7... | Join GameSir Discord and seek quick answers from skillful players. | About GameSir | GameSir | GameSir App",https://gamesir.com/cdn/shop/t/64/assets/transparent.png?v=74725729134931200321767515786 | https://gamesir.com/cdn/shop/files/logo_1bbc21e8-a4b0-42a4-b29f-a48959045877.png?v=1737874858&width=600 | https://gamesir.com/cdn/shop/files/1_4d1f2b9c-6312-4a57-bfae-00984aa78b4e.png?v=1740996035&width=1206 | https://gamesir.com/cdn/shop/files/1_4d1f2b9c-6312-4a57-bfae-00984aa78b4e.png?v=1740996035&width=200 | https://gamesir.com/cdn/shop/files/1_4131576f-576c-4622-ab8b-fdb9b3f118d5.png?v=1737615272 | https://gamesir.com/cdn/shop/files/2_484a2562-a580-425c-90e3-23246abcb40e.png?v=1737615278 | https://gamesir.com/cdn/shop/files/3_2ca3083c-1e1c-40b7-988d-962f7ec8f493.png?v=1737615278 | https://gamesir.com/cdn/shop/files/4_50b462d7-8f5b-4257-89ed-4187fc38516f.png?v=1737615278 | https://gamesir.com/cdn/shop/files/5_e0d639d3-ae25-474a-8f4d-f3efb46299b6.png?v=1737615274 | https://gamesir.com/cdn/shop/files/626b9b6886075081b16840ac10c50041.png?v=1736850234&width=760,https://gamesir.com/es/collections/all-products-1/products/gamesir-3m-usb-cable
GameSir Detachable Joystick Caps For G7 Pro & Cyclone 2,Precio regular $12.99 USD,Disponible,Black & White,"Compatible with GameSir G7 Pro（Xbox/PC)and Cyclone 2: Perfectly fits GameSir G7 Pro and Cyclone 2, ensuring a seamless fit. Three Options for a Personalized Experience: Includes 3 pairs of joystick caps of different heights and shapes, allowing you to customize the feel and enhance your gaming experience. Steel Ring Design for Smoother Control: A durable steel ring around the joystick reduces friction, resulting in a smoother and more stable control experience.","Compatible with GameSir G7 Pro and Cyclone2 Color: Black & White Quantity: 3 pairs (varied heights & shapes) Material: Silicone, Steel Product Size: 13.9*17 mm / 0.547*0.669 in 16.9*17 mm / 0.665*0.669 in 13.2*17 mm / 0.520*0.669 in Net Weight: 10 g / 0.022 lbs","GameSir Detachable Joystick Caps For G7 Pro & Cyclone 2 | Xbox Controllers | Mobile Controllers | Switch Controllers | PC Controllers | Compatible with GameSir G7 Pro（Xbox/PC)and Cyclone 2: | Perfectly fits GameSir G7 Pro and Cyclone 2, ensuring a seamless fit. | Compatible with GameSir G7 Pro and Cyclone2 | GameSir Detachable Joystick... | Join GameSir Discord and seek quick answers from skillful players. | About GameSir | GameSir | GameSir App",https://gamesir.com/cdn/shop/t/64/assets/transparent.png?v=74725729134931200321767515786 | https://gamesir.com/cdn/shop/files/logo_1bbc21e8-a4b0-42a4-b29f-a48959045877.png?v=1737874858&width=600 | https://gamesir.com/cdn/shop/files/1_1_2a352ee3-05fb-458a-8bbc-8ba630d7c0ff.png?v=1778829851&width=1206 | https://gamesir.com/cdn/shop/files/1_1_2a352ee3-05fb-458a-8bbc-8ba630d7c0ff.png?v=1778829851&width=200 | https://gamesir.com/cdn/shop/files/01_747b55f5-2112-407c-b6fd-8329ef17fe91.png?v=1779433447 | https://gamesir.com/cdn/shop/files/2000_01.png?v=1779433520 | https://gamesir.com/cdn/shop/files/02_41fc6155-a602-4f8f-a7f8-b87f4a93a615.png?v=1779433451 | https://gamesir.com/cdn/shop/files/2000_02.png?v=1779433524 | https://gamesir.com/cdn/shop/files/03_86d00966-ce70-4d30-a500-26cee26c0fe2.png?v=1779433453 | https://gamesir.com/cdn/shop/files/2000_03.png?v=1779433527 | https://gamesir.com/cdn/shop/files/04_b4a29ad8-e7d4-4049-9672-d8810b3d6f63.png?v=1779433454 | https://gamesir.com/cdn/shop/files/2000_04.png?v=1779433528 | https://gamesir.com/cdn/shop/files/626b9b6886075081b16840ac10c50041.png?v=1736850234&width=760,https://gamesir.com/es/collections/all-products-1/products/gamesir-g7pro-joystick-caps
GameSir Thumb Grip Caps,Precio regular $12.99 USD,Disponible,,"Key Features Easy Installation: Effortless setup with bare-hand operation. Simply lift the thumb grip and slide it onto the stick - no tools required. Four Versions: Four different versions cater to personalized gaming preferences of gamers. *Convex Version: Minimizes contact area, perfect for flight simulation gaming (similar to Hotas). *Elevated Version: Increases height, lowers the force required for sticks movement, while improving travel; suitable for fine-tuned operations. *Anti-slip Version: The expanded form is friendly to gamers with varying hand shapes, offering unparalleled comfort, reducing fatigue, and ensuring precise control. *Mushroom Head Version: Maximizes contact area, allowing for effortless stick rotation in all directions with minimal finger pressure. Abrasion resistance: Crafted from high-performance, environmentally friendly silicone material for an extended lifespan, ensuring gamers can immerse themselves in the game without concerns about controller wear. Anti-slip material: The advanced laser engraving process not only adds an aesthetic touch but also provides superior anti-slip functionality to the thumb grip, ensuring a secure hold and providing fine-tuned precision during intense gaming sessions. Universal Compatibility: Compatible with the entire GameSir controllers (except X2/X3), XBox One/XBox Series controllers, PS4/PS5 controllers, Switch Pro, etc","Compatible Model: The entire GameSir controllers (except X2/X3), XBox One/XBox Series controllers, PS4/PS5 controllers, Switch Pro, etc. Material: Silicon Package Size: 61*37*10mm Gross Weight: 46g","GameSir Thumb Grip Caps | Xbox Controllers | Mobile Controllers | Switch Controllers | PC Controllers | Universal Compatibility: Compatible with the entire GameSir controllers (except X2/X3), XBox One/XBox Series controllers, PS4/PS5 controllers, Switch Pro, etc | The entire GameSir controllers (except X2/X3), XBox One/XBox Series controllers, PS4/PS5 controllers, Switch Pro, etc. | Join GameSir Discord and seek quick answers from skillful players. | About GameSir | GameSir | GameSir App",https://gamesir.com/cdn/shop/t/64/assets/transparent.png?v=74725729134931200321767515786 | https://gamesir.com/cdn/shop/files/logo_1bbc21e8-a4b0-42a4-b29f-a48959045877.png?v=1737874858&width=600 | https://gamesir.com/cdn/shop/files/4_483f8081-cd7a-4830-89cf-164c8ee855d1.png?v=1740996078&width=1206 | https://gamesir.com/cdn/shop/files/4_483f8081-cd7a-4830-89cf-164c8ee855d1.png?v=1740996078&width=200 | https://gamesir.com/cdn/shop/files/1_620490e5-c434-42e1-a126-e146c93dd28e.png?v=1737615286 | https://gamesir.com/cdn/shop/files/2_d8e8e979-6754-4bf4-b956-d7cff1e4e5dd.png?v=1737615286 | https://gamesir.com/cdn/shop/files/3_8a24211a-877d-4c41-a19c-f78f9a25feab.png?v=1737615288 | https://gamesir.com/cdn/shop/files/4_403459f6-0bb9-43a6-b023-d90cb6fde7bc.png?v=1737615289 | https://gamesir.com/cdn/shop/files/5_5dce6864-62d9-43f9-b89a-86a97ca0bcd3.png?v=1737615287 | https://gamesir.com/cdn/shop/files/626b9b6886075081b16840ac10c50041.png?v=1736850234&width=760,https://gamesir.com/es/collections/all-products-1/products/gamesir-joystick-caps
GameSir Magnetic Faceplate for G7/G7 SE/G7 Pro Series,Precio regular $9.99 USD,Disponible,,"Key Features Perfectly Compatible with G7 Series Controllers Designed specifically for G7 series controllers, these faceplates offer a perfect fit and allow you to personalize your controller with style. Eco-Friendly Plastic, Green Choice Crafted from eco-friendly plastic, these faceplates are a sustainable choice, providing both durability and environmental benefits. Magnetic Design for Easy Use The magnetic design allows for effortless installation and removal, making customization a breeze. No tools are needed for convenient swapping. Black and White Anti-friction Rings for Dual Protection Comes with two sets of anti-friction rings in black and white, providing double the protection and durability while catering to different style preferences.",,GameSir Magnetic Faceplate for G7/G7 Pro Series - Custom Protective Accessory | Xbox Controllers | Mobile Controllers | Switch Controllers | PC Controllers | GameSir Magnetic Faceplate for G7/G7 SE/G7 Pro Series | Perfectly Compatible with G7 Series Controllers | GameSir Magnetic Faceplate ... | Join GameSir Discord and seek quick answers from skillful players. | About GameSir | GameSir | GameSir App,https://gamesir.com/cdn/shop/t/64/assets/transparent.png?v=74725729134931200321767515786 | https://gamesir.com/cdn/shop/files/logo_1bbc21e8-a4b0-42a4-b29f-a48959045877.png?v=1737874858&width=600 | https://gamesir.com/cdn/shop/files/AC8-__2_TransparentBackground.png?v=1756891873&width=1206 | https://gamesir.com/cdn/shop/files/AC8-__2_TransparentBackground.png?v=1756891873&width=200 | https://gamesir.com/cdn/shop/files/1920_01.png?v=1757583098 | https://gamesir.com/cdn/shop/files/1000_01.png?v=1757583218 | https://gamesir.com/cdn/shop/files/1920_02_109d3fcf-d43c-42ac-9e3a-321d71961c1b.png?v=1757583097 | https://gamesir.com/cdn/shop/files/1000_02.png?v=1757583218 | https://gamesir.com/cdn/shop/files/1920_03_feed3bef-375d-43d8-b350-091222abe587.png?v=1757583097 | https://gamesir.com/cdn/shop/files/1000_03.png?v=1757583218 | https://gamesir.com/cdn/shop/files/1920_04_85eb7aa8-03d7-49e7-9443-2d7e43950aec.png?v=1757583097 | https://gamesir.com/cdn/shop/files/1000_04.png?v=1757583218 | https://gamesir.com/cdn/shop/files/1920_05_9c324e49-2c61-40cb-9e96-e689d8fb3b5a.png?v=1757583097 | https://gamesir.com/cdn/shop/files/1000_05.png?v=1757583218 | https://gamesir.com/cdn/shop/files/626b9b6886075081b16840ac10c50041.png?v=1736850234&width=760,https://gamesir.com/es/collections/all-products-1/products/gamesir-magnetic-faceplate-for-g7-series
GameSir G7 Pro Carrying Case with Thumbstick Set,Precio regular $19.99 USD,Disponible,,"Key Features: Custom-Molded Fit Designed specifically for the G7 Pro, it’s custom-molded to provide a perfect and secure fit. Bonus Swappable Thumbsticks Comes with 3 different pairs of swappable thumbsticks, offering extra options for personalized control. Charge with Ease A rear charging port aligns perfectly with the charging station, allowing you to charge your controller directly without removing it from the case. Eco-Friendly Materials Available in two colors and materials: durable Oxford fabric (Black) and elegant Pearl PU (Silver). Both options are eco-friendly and stylish. Soft Velvet Interior The ultra-soft velvet lining keeps your controller scratch-free and snugly protected, providing maximum safety during storage and transport. Travel-Friendly Design Equipped with a handy carry strap and built-in mesh pocket, this case makes it easy to take your controller and accessories anywhere in an organized manner.",TECH SPECS: Compatibility: GameSir G7 Pro Material: Eco-friendly Oxford fabric (Black) & Pearl PU (Silver) Product Size: 170*112*128 mm / 6.69*4.41*5.04 in Net Weight: 180 g / 0.40 lbs Package Size: 176*118*130 mm / 6.93*4.65*5.12 in Gross Weight: 272 g / 0.60 lbs Carton Size: (30pcs/carton): 615*550*300 mm / 24.21*21.65*11.81 in Carton Weight: (30pcs/carton): 10.2 kg / 22.5 lbs PACKAGE CONTENTS: G7 Pro Case ×1 Swappable Thumbsticks ×3 Pairs,GameSir G7 Pro Carrying Case with Thumbstick Set | Xbox Controllers | Mobile Controllers | Switch Controllers | PC Controllers | Compatibility: GameSir G7 Pro | GameSir G7 Pro Carrying Cas... | Join GameSir Discord and seek quick answers from skillful players. | About GameSir | GameSir | GameSir App,https://gamesir.com/cdn/shop/t/64/assets/transparent.png?v=74725729134931200321767515786 | https://gamesir.com/cdn/shop/files/logo_1bbc21e8-a4b0-42a4-b29f-a48959045877.png?v=1737874858&width=600 | https://gamesir.com/cdn/shop/files/1_3571bdba-9586-463a-a891-0eee83aa8f65.png?v=1768205334&width=1206 | https://gamesir.com/cdn/shop/files/1_3571bdba-9586-463a-a891-0eee83aa8f65.png?v=1768205334&width=200 | https://gamesir.com/cdn/shop/files/1_664ca817-8874-49c0-a335-66a0faa5cb68.gif?v=1768204564 | https://gamesir.com/cdn/shop/files/1_337df732-5cc2-4075-a1e2-805e07211988.png?v=1768204727 | https://gamesir.com/cdn/shop/files/2_c21b6e67-54e4-44bf-bc80-bf84687aed36.gif?v=1768204564 | https://gamesir.com/cdn/shop/files/2_91e1f3e4-0c21-4042-a88c-e9759b023ade.png?v=1768204725 | https://gamesir.com/cdn/shop/files/3_d6a60766-d312-4a00-a46c-8c1940fd295b.gif?v=1768204563 | https://gamesir.com/cdn/shop/files/3_8cc0679d-8eed-4181-bda1-62cce7075db2.png?v=1768204724 | https://gamesir.com/cdn/shop/files/4_30506b96-b695-4cd9-8284-f0c50e5f98bb.gif?v=1768204564 | https://gamesir.com/cdn/shop/files/4_3169f96d-9224-4205-8956-0926b143e7dc.png?v=1768204727 | https://gamesir.com/cdn/shop/files/5_25b06c76-c52f-416e-a985-246b7488d818.gif?v=1768204564 | https://gamesir.com/cdn/shop/files/5_89a44445-14aa-4968-b4e1-82659096455c.png?v=1768204726 | https://gamesir.com/cdn/shop/files/6_b80711cd-4fcf-4bf9-b387-4e04d0849f89.gif?v=1768204565 | https://gamesir.com/cdn/shop/files/6_fc78cfb9-5bdb-4014-926e-dd020bb91c38.png?v=1768204841 | https://gamesir.com/cdn/shop/files/7.gif?v=1768204565 | https://gamesir.com/cdn/shop/files/7_851c5ee7-d158-47d7-8c3d-32fbf32e92b7.png?v=1768204875 | https://gamesir.com/cdn/shop/files/626b9b6886075081b16840ac10c50041.png?v=1736850234&width=760,https://gamesir.com/es/collections/all-products-1/products/gamesir-g7-pro-case
